"electiondate","land","electiondate_l1","party","vote_share","on_ballot","vote_share_l1"
"1946-10-13","hb",NA,"cdu",18.8999996185303,1,NA
"1946-10-13","hb",NA,"fdp",18.2999992370605,1,NA
"1946-10-13","hb",NA,"spd",47.5999984741211,1,NA
"1946-10-13","hh",NA,"cdu",26.7000007629395,1,NA
"1946-10-13","hh",NA,"fdp",18.2000007629395,1,NA
"1946-10-13","hh",NA,"spd",43.0999984741211,1,NA
"1946-12-01","by",NA,"cdu",52.2999992370605,1,NA
"1946-12-01","by",NA,"fdp",5.59999990463257,1,NA
"1946-12-01","by",NA,"spd",28.6000003814697,1,NA
"1946-12-01","he",NA,"cdu",30.8999996185303,1,NA
"1946-12-01","he",NA,"fdp",15.6999998092651,1,NA
"1946-12-01","he",NA,"spd",42.7000007629395,1,NA
"1947-02-20","ni",NA,"cdu",19.8999996185303,1,NA
"1947-02-20","ni",NA,"fdp",8.80000019073486,1,NA
"1947-02-20","ni",NA,"npd",17.8999996185303,1,NA
"1947-02-20","ni",NA,"spd",43.4000015258789,1,NA
"1947-02-20","sh",NA,"cdu",34.0999984741211,1,NA
"1947-02-20","sh",NA,"fdp",5,1,NA
"1947-02-20","sh",NA,"spd",43.7999992370605,1,NA
"1947-04-20","nw",NA,"cdu",37.5999984741211,1,NA
"1947-04-20","nw",NA,"fdp",5.90000009536743,1,NA
"1947-04-20","nw",NA,"spd",32,1,NA
"1947-05-18","rp",NA,"cdu",47.2000007629395,1,NA
"1947-05-18","rp",NA,"fdp",9.80000019073486,1,NA
"1947-05-18","rp",NA,"spd",34.2999992370605,1,NA
"1947-10-05","sl",NA,"fdp",7.59999990463257,1,NA
"1947-10-12","hb","1946-10-13","cdu",22,1,18.8999996185303
"1947-10-12","hb","1946-10-13","fdp",19.3999996185303,1,18.2999992370605
"1947-10-12","hb","1946-10-13","spd",41.7000007629395,1,47.5999984741211
"1949-10-16","hh","1946-10-13","cdu",34.5,1,26.7000007629395
"1949-10-16","hh","1946-10-13","spd",42.7999992370605,1,43.0999984741211
"1950-06-18","nw","1947-04-20","cdu",36.9000015258789,1,37.5999984741211
"1950-06-18","nw","1947-04-20","fdp",12.1000003814697,1,5.90000009536743
"1950-06-18","nw","1947-04-20","spd",32.2999992370605,1,32
"1950-07-09","sh","1947-02-20","cdu",19.7999992370605,1,34.0999984741211
"1950-07-09","sh","1947-02-20","fdp",7.09999990463257,1,5
"1950-07-09","sh","1947-02-20","spd",27.5,1,43.7999992370605
"1950-11-19","he","1946-12-01","cdu",18.7999992370605,1,30.8999996185303
"1950-11-19","he","1946-12-01","fdp",31.7999992370605,1,15.6999998092651
"1950-11-19","he","1946-12-01","spd",44.4000015258789,1,42.7000007629395
"1950-11-26","by","1946-12-01","cdu",27.3999996185303,1,52.2999992370605
"1950-11-26","by","1946-12-01","fdp",7.09999990463257,1,5.59999990463257
"1950-11-26","by","1946-12-01","spd",28,1,28.6000003814697
"1950-12-03","be",NA,"cdu",24.7000007629395,1,NA
"1950-12-03","be",NA,"fdp",23.1000003814697,1,NA
"1950-12-03","be",NA,"spd",44.7000007629395,1,NA
"1951-04-29","rp","1947-05-18","cdu",39.2000007629395,1,47.2000007629395
"1951-04-29","rp","1947-05-18","fdp",16.7000007629395,1,9.80000019073486
"1951-04-29","rp","1947-05-18","spd",34,1,34.2999992370605
"1951-05-06","ni","1947-02-20","cdu",23.7000007629395,1,19.8999996185303
"1951-05-06","ni","1947-02-20","fdp",8.30000019073486,1,8.80000019073486
"1951-05-06","ni","1947-02-20","spd",33.7000007629395,1,43.4000015258789
"1951-10-07","hb","1947-10-12","cdu",9.10000038146973,1,22
"1951-10-07","hb","1947-10-12","fdp",11.8000001907349,1,19.3999996185303
"1951-10-07","hb","1947-10-12","npd",7.69999980926514,1,NA
"1951-10-07","hb","1947-10-12","spd",39.0999984741211,1,41.7000007629395
"1952-03-09","bw",NA,"cdu",36,1,NA
"1952-03-09","bw",NA,"fdp",18,1,NA
"1952-03-09","bw",NA,"spd",28,1,NA
"1953-11-01","hh","1949-10-16","cdu",50,1,34.5
"1953-11-01","hh","1949-10-16","spd",45.2000007629395,1,42.7999992370605
"1954-06-27","nw","1950-06-18","cdu",41.2999992370605,1,36.9000015258789
"1954-06-27","nw","1950-06-18","fdp",11.5,1,12.1000003814697
"1954-06-27","nw","1950-06-18","spd",34.5,1,32.2999992370605
"1954-09-12","sh","1950-07-09","cdu",32.2000007629395,1,19.7999992370605
"1954-09-12","sh","1950-07-09","fdp",7.5,1,7.09999990463257
"1954-09-12","sh","1950-07-09","spd",33.2000007629395,1,27.5
"1954-11-28","by","1950-11-26","cdu",38,1,27.3999996185303
"1954-11-28","by","1950-11-26","fdp",7.19999980926514,1,7.09999990463257
"1954-11-28","by","1950-11-26","spd",28.1000003814697,1,28
"1954-11-28","he","1950-11-19","cdu",24.1000003814697,1,18.7999992370605
"1954-11-28","he","1950-11-19","fdp",20.5,1,31.7999992370605
"1954-11-28","he","1950-11-19","spd",42.5999984741211,1,44.4000015258789
"1954-12-05","be","1950-12-03","cdu",30.3999996185303,1,24.7000007629395
"1954-12-05","be","1950-12-03","fdp",12.8000001907349,1,23.1000003814697
"1954-12-05","be","1950-12-03","spd",44.5999984741211,1,44.7000007629395
"1955-04-24","ni","1951-05-06","cdu",26.6000003814697,1,23.7000007629395
"1955-04-24","ni","1951-05-06","fdp",7.90000009536743,1,8.30000019073486
"1955-04-24","ni","1951-05-06","npd",12.3999996185303,1,17.8999996185303
"1955-04-24","ni","1951-05-06","spd",35.2000007629395,1,33.7000007629395
"1955-05-15","rp","1951-04-29","cdu",46.7999992370605,1,39.2000007629395
"1955-05-15","rp","1951-04-29","fdp",12.6999998092651,1,16.7000007629395
"1955-05-15","rp","1951-04-29","spd",31.7000007629395,1,34
"1955-10-09","hb","1951-10-07","cdu",18,1,9.10000038146973
"1955-10-09","hb","1951-10-07","fdp",8.60000038146973,1,11.8000001907349
"1955-10-09","hb","1951-10-07","spd",47.7999992370605,1,39.0999984741211
"1955-12-18","sl","1947-10-05","cdu",25.3999996185303,1,NA
"1955-12-18","sl","1947-10-05","fdp",24.2000007629395,1,7.59999990463257
"1955-12-18","sl","1947-10-05","spd",14.3000001907349,1,NA
"1956-03-04","bw","1952-03-09","cdu",42.5999984741211,1,36
"1956-03-04","bw","1952-03-09","fdp",16.6000003814697,1,18
"1956-03-04","bw","1952-03-09","spd",28.8999996185303,1,28
"1957-11-10","hh","1953-11-01","cdu",32.2000007629395,1,50
"1957-11-10","hh","1953-11-01","fdp",8.60000038146973,1,18.2000007629395
"1957-11-10","hh","1953-11-01","spd",53.9000015258789,1,45.2000007629395
"1958-07-06","nw","1954-06-27","cdu",50.5,1,41.2999992370605
"1958-07-06","nw","1954-06-27","fdp",7.09999990463257,1,11.5
"1958-07-06","nw","1954-06-27","spd",39.2000007629395,1,34.5
"1958-11-23","by","1954-11-28","cdu",45.5999984741211,1,38
"1958-11-23","by","1954-11-28","fdp",5.59999990463257,1,7.19999980926514
"1958-11-23","by","1954-11-28","spd",30.7999992370605,1,28.1000003814697
"1958-11-23","he","1954-11-28","cdu",32,1,24.1000003814697
"1958-11-23","he","1954-11-28","fdp",9.5,1,20.5
"1958-11-23","he","1954-11-28","spd",46.9000015258789,1,42.5999984741211
"1958-11-28","sh","1954-09-12","cdu",44.4000015258789,1,32.2000007629395
"1958-11-28","sh","1954-09-12","fdp",5.40000009536743,1,7.5
"1958-11-28","sh","1954-09-12","spd",35.9000015258789,1,33.2000007629395
"1958-12-07","be","1954-12-05","cdu",37.7000007629395,1,30.3999996185303
"1958-12-07","be","1954-12-05","fdp",3.79999995231628,1,12.8000001907349
"1958-12-07","be","1954-12-05","spd",52.5999984741211,1,44.5999984741211
"1959-04-19","ni","1955-04-24","cdu",30.7999992370605,1,26.6000003814697
"1959-04-19","ni","1955-04-24","fdp",5.19999980926514,1,7.90000009536743
"1959-04-19","ni","1955-04-24","npd",12.3999996185303,1,12.3999996185303
"1959-04-19","ni","1955-04-24","spd",39.5,1,35.2000007629395
"1959-04-19","rp","1955-05-15","cdu",48.4000015258789,1,46.7999992370605
"1959-04-19","rp","1955-05-15","fdp",9.69999980926514,1,12.6999998092651
"1959-04-19","rp","1955-05-15","spd",34.9000015258789,1,31.7000007629395
"1959-10-11","hb","1955-10-09","cdu",14.8000001907349,1,18
"1959-10-11","hb","1955-10-09","fdp",7.19999980926514,1,8.60000038146973
"1959-10-11","hb","1955-10-09","spd",54.9000015258789,1,47.7999992370605
"1960-05-15","bw","1956-03-04","cdu",39.5,1,42.5999984741211
"1960-05-15","bw","1956-03-04","fdp",15.8000001907349,1,16.6000003814697
"1960-05-15","bw","1956-03-04","spd",35.2999992370605,1,28.8999996185303
"1960-12-04","sl","1955-12-18","cdu",36.5999984741211,1,25.3999996185303
"1960-12-04","sl","1955-12-18","fdp",13.8000001907349,1,24.2000007629395
"1960-12-04","sl","1955-12-18","spd",30,1,14.3000001907349
"1961-11-12","hh","1957-11-10","cdu",29.1000003814697,1,32.2000007629395
"1961-11-12","hh","1957-11-10","fdp",9.60000038146973,1,8.60000038146973
"1961-11-12","hh","1957-11-10","spd",57.4000015258789,1,53.9000015258789
"1962-07-08","nw","1958-07-06","cdu",46.4000015258789,1,50.5
"1962-07-08","nw","1958-07-06","fdp",6.80000019073486,1,7.09999990463257
"1962-07-08","nw","1958-07-06","spd",43.2999992370605,1,39.2000007629395
"1962-11-11","he","1958-11-23","cdu",28.7999992370605,1,32
"1962-11-11","he","1958-11-23","fdp",11.3999996185303,1,9.5
"1962-11-11","he","1958-11-23","spd",50.7999992370605,1,46.9000015258789
"1962-11-23","sh","1958-11-28","cdu",45,1,44.4000015258789
"1962-11-23","sh","1958-11-28","fdp",7.90000009536743,1,5.40000009536743
"1962-11-23","sh","1958-11-28","spd",39.2000007629395,1,35.9000015258789
"1962-11-25","by","1958-11-23","cdu",47.5,1,45.5999984741211
"1962-11-25","by","1958-11-23","fdp",5.90000009536743,1,5.59999990463257
"1962-11-25","by","1958-11-23","spd",35.2999992370605,1,30.7999992370605
"1963-02-17","be","1958-12-07","cdu",28.7999992370605,1,37.7000007629395
"1963-02-17","be","1958-12-07","fdp",7.90000009536743,1,3.79999995231628
"1963-02-17","be","1958-12-07","spd",61.9000015258789,1,52.5999984741211
"1963-03-31","rp","1959-04-19","cdu",44.4000015258789,1,48.4000015258789
"1963-03-31","rp","1959-04-19","fdp",10.1000003814697,1,9.69999980926514
"1963-03-31","rp","1959-04-19","spd",40.7000007629395,1,34.9000015258789
"1963-05-19","ni","1959-04-19","cdu",37.7000007629395,1,30.7999992370605
"1963-05-19","ni","1959-04-19","fdp",8.80000019073486,1,5.19999980926514
"1963-05-19","ni","1959-04-19","npd",2.70000004768372,1,12.3999996185303
"1963-05-19","ni","1959-04-19","spd",44.9000015258789,1,39.5
"1963-09-29","hb","1959-10-11","cdu",28.8999996185303,1,14.8000001907349
"1963-09-29","hb","1959-10-11","fdp",8.39999961853027,1,7.19999980926514
"1963-09-29","hb","1959-10-11","spd",54.7000007629395,1,54.9000015258789
"1964-04-26","bw","1960-05-15","cdu",46.2000007629395,1,39.5
"1964-04-26","bw","1960-05-15","fdp",13.1000003814697,1,15.8000001907349
"1964-04-26","bw","1960-05-15","spd",37.2999992370605,1,35.2999992370605
"1965-06-27","sl","1960-12-04","cdu",42.7000007629395,1,36.5999984741211
"1965-06-27","sl","1960-12-04","fdp",8.30000019073486,1,13.8000001907349
"1965-06-27","sl","1960-12-04","spd",40.7000007629395,1,30
"1966-03-27","hh","1961-11-12","cdu",30,1,29.1000003814697
"1966-03-27","hh","1961-11-12","fdp",6.80000019073486,1,9.60000038146973
"1966-03-27","hh","1961-11-12","spd",59,1,57.4000015258789
"1966-07-10","nw","1962-07-08","cdu",42.7999992370605,1,46.4000015258789
"1966-07-10","nw","1962-07-08","fdp",7.40000009536743,1,6.80000019073486
"1966-07-10","nw","1962-07-08","spd",49.5,1,43.2999992370605
"1966-11-06","he","1962-11-11","cdu",26.3999996185303,1,28.7999992370605
"1966-11-06","he","1962-11-11","fdp",10.3999996185303,1,11.3999996185303
"1966-11-06","he","1962-11-11","npd",7.90000009536743,1,NA
"1966-11-06","he","1962-11-11","spd",51,1,50.7999992370605
"1966-11-20","by","1962-11-25","cdu",48.0999984741211,1,47.5
"1966-11-20","by","1962-11-25","fdp",5.09999990463257,1,5.90000009536743
"1966-11-20","by","1962-11-25","spd",35.7999992370605,1,35.2999992370605
"1967-03-12","be","1963-02-17","cdu",32.9000015258789,1,28.7999992370605
"1967-03-12","be","1963-02-17","fdp",7.09999990463257,1,7.90000009536743
"1967-03-12","be","1963-02-17","spd",56.9000015258789,1,61.9000015258789
"1967-04-23","rp","1963-03-31","cdu",46.7000007629395,1,44.4000015258789
"1967-04-23","rp","1963-03-31","fdp",8.30000019073486,1,10.1000003814697
"1967-04-23","rp","1963-03-31","spd",36.7999992370605,1,40.7000007629395
"1967-04-23","sh","1962-11-23","cdu",46,1,45
"1967-04-23","sh","1962-11-23","fdp",5.90000009536743,1,7.90000009536743
"1967-04-23","sh","1962-11-23","spd",39.4000015258789,1,39.2000007629395
"1967-06-04","ni","1963-05-19","cdu",41.7000007629395,1,37.7000007629395
"1967-06-04","ni","1963-05-19","fdp",6.90000009536743,1,8.80000019073486
"1967-06-04","ni","1963-05-19","spd",43.0999984741211,1,44.9000015258789
"1967-10-01","hb","1963-09-29","cdu",29.5,1,28.8999996185303
"1967-10-01","hb","1963-09-29","fdp",10.5,1,8.39999961853027
"1967-10-01","hb","1963-09-29","npd",8.80000019073486,1,7.69999980926514
"1967-10-01","hb","1963-09-29","spd",46,1,54.7000007629395
"1968-04-28","bw","1964-04-26","cdu",44.2000007629395,1,46.2000007629395
"1968-04-28","bw","1964-04-26","fdp",14.3999996185303,1,13.1000003814697
"1968-04-28","bw","1964-04-26","npd",9.80000019073486,1,NA
"1968-04-28","bw","1964-04-26","spd",29,1,37.2999992370605
"1970-03-22","hh","1966-03-27","cdu",32.7999992370605,1,30
"1970-03-22","hh","1966-03-27","fdp",7.09999990463257,1,6.80000019073486
"1970-03-22","hh","1966-03-27","spd",55.2999992370605,1,59
"1970-06-14","ni","1967-06-04","cdu",45.7000007629395,1,41.7000007629395
"1970-06-14","ni","1967-06-04","fdp",4.40000009536743,1,6.90000009536743
"1970-06-14","ni","1967-06-04","spd",46.2999992370605,1,43.0999984741211
"1970-06-14","nw","1966-07-10","cdu",46.2999992370605,1,42.7999992370605
"1970-06-14","nw","1966-07-10","fdp",5.5,1,7.40000009536743
"1970-06-14","nw","1966-07-10","npd",1.10000002384186,1,NA
"1970-06-14","nw","1966-07-10","spd",46.0999984741211,1,49.5
"1970-06-14","sl","1965-06-27","cdu",47.7999992370605,1,42.7000007629395
"1970-06-14","sl","1965-06-27","fdp",4.40000009536743,1,8.30000019073486
"1970-06-14","sl","1965-06-27","npd",3.40000009536743,1,NA
"1970-06-14","sl","1965-06-27","spd",40.7999992370605,1,40.7000007629395
"1970-11-08","he","1966-11-06","cdu",39.7000007629395,1,26.3999996185303
"1970-11-08","he","1966-11-06","fdp",10.1000003814697,1,10.3999996185303
"1970-11-08","he","1966-11-06","npd",3,1,7.90000009536743
"1970-11-08","he","1966-11-06","spd",45.9000015258789,1,51
"1970-11-20","by","1966-11-20","cdu",56.4000015258789,1,48.0999984741211
"1970-11-20","by","1966-11-20","fdp",5.5,1,5.09999990463257
"1970-11-20","by","1966-11-20","spd",33.2999992370605,1,35.7999992370605
"1971-03-14","be","1967-03-12","cdu",38.2000007629395,1,32.9000015258789
"1971-03-14","be","1967-03-12","fdp",8.39999961853027,1,7.09999990463257
"1971-03-14","be","1967-03-12","spd",50.4000015258789,1,56.9000015258789
"1971-03-21","rp","1967-04-23","cdu",50,1,46.7000007629395
"1971-03-21","rp","1967-04-23","fdp",5.90000009536743,1,8.30000019073486
"1971-03-21","rp","1967-04-23","spd",40.5,1,36.7999992370605
"1971-04-25","sh","1967-04-23","cdu",51.9000015258789,1,46
"1971-04-25","sh","1967-04-23","fdp",3.79999995231628,1,5.90000009536743
"1971-04-25","sh","1967-04-23","spd",41,1,39.4000015258789
"1971-10-10","hb","1967-10-01","cdu",31.6000003814697,1,29.5
"1971-10-10","hb","1967-10-01","fdp",7.09999990463257,1,10.5
"1971-10-10","hb","1967-10-01","npd",2.79999995231628,1,8.80000019073486
"1971-10-10","hb","1967-10-01","spd",55.2999992370605,1,46
"1972-04-23","bw","1968-04-28","cdu",52.9000015258789,1,44.2000007629395
"1972-04-23","bw","1968-04-28","fdp",8.89999961853027,1,14.3999996185303
"1972-04-23","bw","1968-04-28","spd",37.5999984741211,1,29
"1974-03-03","hh","1970-03-22","cdu",40.5999984741211,1,32.7999992370605
"1974-03-03","hh","1970-03-22","fdp",10.8999996185303,1,7.09999990463257
"1974-03-03","hh","1970-03-22","spd",45,1,55.2999992370605
"1974-06-09","ni","1970-06-14","cdu",48.7999992370605,1,45.7000007629395
"1974-06-09","ni","1970-06-14","fdp",7,1,4.40000009536743
"1974-06-09","ni","1970-06-14","spd",43.0999984741211,1,46.2999992370605
"1974-10-27","by","1970-11-20","cdu",62.0999984741211,1,56.4000015258789
"1974-10-27","by","1970-11-20","fdp",5.19999980926514,1,5.5
"1974-10-27","by","1970-11-20","spd",30.2000007629395,1,33.2999992370605
"1974-10-27","he","1970-11-08","cdu",47.2999992370605,1,39.7000007629395
"1974-10-27","he","1970-11-08","fdp",7.40000009536743,1,10.1000003814697
"1974-10-27","he","1970-11-08","npd",1,1,3
"1974-10-27","he","1970-11-08","spd",43.2000007629395,1,45.9000015258789
"1975-03-02","be","1971-03-14","cdu",43.9000015258789,1,38.2000007629395
"1975-03-02","be","1971-03-14","fdp",7.09999990463257,1,8.39999961853027
"1975-03-02","be","1971-03-14","spd",42.5999984741211,1,50.4000015258789
"1975-03-09","rp","1971-03-21","cdu",53.9000015258789,1,50
"1975-03-09","rp","1971-03-21","fdp",5.59999990463257,1,5.90000009536743
"1975-03-09","rp","1971-03-21","spd",38.5,1,40.5
"1975-04-13","sh","1971-04-25","cdu",50.4000015258789,1,51.9000015258789
"1975-04-13","sh","1971-04-25","fdp",7.09999990463257,1,3.79999995231628
"1975-04-13","sh","1971-04-25","spd",40.0999984741211,1,41
"1975-05-04","nw","1970-06-14","cdu",47.0999984741211,1,46.2999992370605
"1975-05-04","nw","1970-06-14","fdp",6.69999980926514,1,5.5
"1975-05-04","nw","1970-06-14","npd",0.400000005960464,1,1.10000002384186
"1975-05-04","nw","1970-06-14","spd",45.0999984741211,1,46.0999984741211
"1975-05-04","sl","1970-06-14","cdu",49.0999984741211,1,47.7999992370605
"1975-05-04","sl","1970-06-14","fdp",7.40000009536743,1,4.40000009536743
"1975-05-04","sl","1970-06-14","npd",0.699999988079071,1,3.40000009536743
"1975-05-04","sl","1970-06-14","spd",41.7999992370605,1,40.7999992370605
"1975-09-28","hb","1971-10-10","cdu",33.7999992370605,1,31.6000003814697
"1975-09-28","hb","1971-10-10","fdp",13,1,7.09999990463257
"1975-09-28","hb","1971-10-10","npd",1.10000002384186,1,2.79999995231628
"1975-09-28","hb","1971-10-10","spd",48.7999992370605,1,55.2999992370605
"1976-04-04","bw","1972-04-23","cdu",56.7000007629395,1,52.9000015258789
"1976-04-04","bw","1972-04-23","fdp",7.80000019073486,1,8.89999961853027
"1976-04-04","bw","1972-04-23","npd",0.899999976158142,1,9.80000019073486
"1976-04-04","bw","1972-04-23","spd",33.2999992370605,1,37.5999984741211
"1978-06-04","hh","1974-03-03","cdu",37.5999984741211,1,40.5999984741211
"1978-06-04","hh","1974-03-03","fdp",4.80000019073486,1,10.8999996185303
"1978-06-04","hh","1974-03-03","gru",4.5,1,NA
"1978-06-04","hh","1974-03-03","spd",51.5,1,45
"1978-06-04","ni","1974-06-09","cdu",48.7000007629395,1,48.7999992370605
"1978-06-04","ni","1974-06-09","fdp",4.19999980926514,1,7
"1978-06-04","ni","1974-06-09","gru",3.90000009536743,1,NA
"1978-06-04","ni","1974-06-09","spd",42.2000007629395,1,43.0999984741211
"1978-10-08","he","1974-10-27","cdu",46,1,47.2999992370605
"1978-10-08","he","1974-10-27","fdp",6.59999990463257,1,7.40000009536743
"1978-10-08","he","1974-10-27","gru",2,1,NA
"1978-10-08","he","1974-10-27","npd",0.400000005960464,1,1
"1978-10-08","he","1974-10-27","spd",44.2999992370605,1,43.2000007629395
"1978-10-15","by","1974-10-27","cdu",59.0999984741211,1,62.0999984741211
"1978-10-15","by","1974-10-27","fdp",6.19999980926514,1,5.19999980926514
"1978-10-15","by","1974-10-27","gru",1.79999995231628,1,NA
"1978-10-15","by","1974-10-27","spd",31.3999996185303,1,30.2000007629395
"1979-03-18","be","1975-03-02","cdu",44.4000015258789,1,43.9000015258789
"1979-03-18","be","1975-03-02","fdp",8.10000038146973,1,7.09999990463257
"1979-03-18","be","1975-03-02","gru",3.70000004768372,1,NA
"1979-03-18","be","1975-03-02","spd",42.7000007629395,1,42.5999984741211
"1979-03-18","rp","1975-03-09","cdu",50.0999984741211,1,53.9000015258789
"1979-03-18","rp","1975-03-09","fdp",6.40000009536743,1,5.59999990463257
"1979-03-18","rp","1975-03-09","spd",42.2999992370605,1,38.5
"1979-04-29","sh","1975-04-13","cdu",48.2999992370605,1,50.4000015258789
"1979-04-29","sh","1975-04-13","fdp",5.69999980926514,1,7.09999990463257
"1979-04-29","sh","1975-04-13","gru",2.40000009536743,1,NA
"1979-04-29","sh","1975-04-13","spd",41.7000007629395,1,40.0999984741211
"1979-10-07","hb","1975-09-28","cdu",31.8999996185303,1,33.7999992370605
"1979-10-07","hb","1975-09-28","fdp",10.8000001907349,1,13
"1979-10-07","hb","1975-09-28","gru",5.09999990463257,1,NA
"1979-10-07","hb","1975-09-28","npd",0.400000005960464,1,1.10000002384186
"1979-10-07","hb","1975-09-28","spd",49.4000015258789,1,48.7999992370605
"1980-03-16","bw","1976-04-04","cdu",53.4000015258789,1,56.7000007629395
"1980-03-16","bw","1976-04-04","fdp",8.30000019073486,1,7.80000019073486
"1980-03-16","bw","1976-04-04","gru",5.30000019073486,1,NA
"1980-03-16","bw","1976-04-04","spd",32.5,1,33.2999992370605
"1980-04-27","sl","1975-05-04","cdu",44,1,49.0999984741211
"1980-04-27","sl","1975-05-04","fdp",6.90000009536743,1,7.40000009536743
"1980-04-27","sl","1975-05-04","gru",2.90000009536743,1,NA
"1980-04-27","sl","1975-05-04","spd",45.4000015258789,1,41.7999992370605
"1980-05-11","nw","1975-05-04","cdu",43.2000007629395,1,47.0999984741211
"1980-05-11","nw","1975-05-04","fdp",4.98000001907349,1,6.69999980926514
"1980-05-11","nw","1975-05-04","gru",3,1,NA
"1980-05-11","nw","1975-05-04","spd",48.4000015258789,1,45.0999984741211
"1981-05-10","be","1979-03-18","cdu",48,1,44.4000015258789
"1981-05-10","be","1979-03-18","fdp",5.59999990463257,1,8.10000038146973
"1981-05-10","be","1979-03-18","gru",7.19999980926514,1,3.70000004768372
"1981-05-10","be","1979-03-18","spd",38.4000015258789,1,42.7000007629395
"1982-03-21","ni","1978-06-04","cdu",50.7000007629395,1,48.7000007629395
"1982-03-21","ni","1978-06-04","fdp",5.90000009536743,1,4.19999980926514
"1982-03-21","ni","1978-06-04","gru",6.5,1,3.90000009536743
"1982-03-21","ni","1978-06-04","spd",36.5,1,42.2000007629395
"1982-06-06","hh","1978-06-04","cdu",43.2000007629395,1,37.5999984741211
"1982-06-06","hh","1978-06-04","fdp",4.90000009536743,1,4.80000019073486
"1982-06-06","hh","1978-06-04","gru",7.69999980926514,1,4.5
"1982-06-06","hh","1978-06-04","spd",42.7000007629395,1,51.5
"1982-09-26","he","1978-10-08","cdu",45.5999984741211,1,46
"1982-09-26","he","1978-10-08","fdp",3.09999990463257,1,6.59999990463257
"1982-09-26","he","1978-10-08","gru",8,1,2
"1982-09-26","he","1978-10-08","spd",42.7999992370605,1,44.2999992370605
"1982-10-10","by","1978-10-15","cdu",58.2999992370605,1,59.0999984741211
"1982-10-10","by","1978-10-15","fdp",3.5,1,6.19999980926514
"1982-10-10","by","1978-10-15","gru",4.59999990463257,1,1.79999995231628
"1982-10-10","by","1978-10-15","spd",31.8999996185303,1,31.3999996185303
"1982-12-19","hh","1982-06-06","cdu",38.5999984741211,1,43.2000007629395
"1982-12-19","hh","1982-06-06","fdp",2.59999990463257,1,4.90000009536743
"1982-12-19","hh","1982-06-06","gru",6.80000019073486,1,7.69999980926514
"1982-12-19","hh","1982-06-06","spd",51.2999992370605,1,42.7000007629395
"1983-03-06","rp","1979-03-18","cdu",51.9000015258789,1,50.0999984741211
"1983-03-06","rp","1979-03-18","fdp",3.5,1,6.40000009536743
"1983-03-06","rp","1979-03-18","gru",4.5,1,NA
"1983-03-06","rp","1979-03-18","spd",39.5999984741211,1,42.2999992370605
"1983-03-13","sh","1979-04-29","cdu",49,1,48.2999992370605
"1983-03-13","sh","1979-04-29","fdp",2.20000004768372,1,5.69999980926514
"1983-03-13","sh","1979-04-29","gru",3.59999990463257,1,2.40000009536743
"1983-03-13","sh","1979-04-29","spd",43.7000007629395,1,41.7000007629395
"1983-09-25","hb","1979-10-07","cdu",33.2999992370605,1,31.8999996185303
"1983-09-25","hb","1979-10-07","fdp",4.59999990463257,1,10.8000001907349
"1983-09-25","hb","1979-10-07","gru",5.40000009536743,1,5.09999990463257
"1983-09-25","hb","1979-10-07","spd",51.2999992370605,1,49.4000015258789
"1983-09-25","he","1982-09-26","cdu",39.4000015258789,1,45.5999984741211
"1983-09-25","he","1982-09-26","fdp",7.59999990463257,1,3.09999990463257
"1983-09-25","he","1982-09-26","gru",5.90000009536743,1,8
"1983-09-25","he","1982-09-26","spd",46.2000007629395,1,42.7999992370605
"1984-03-25","bw","1980-03-16","cdu",51.9000015258789,1,53.4000015258789
"1984-03-25","bw","1980-03-16","fdp",7.19999980926514,1,8.30000019073486
"1984-03-25","bw","1980-03-16","gru",8,1,5.30000019073486
"1984-03-25","bw","1980-03-16","spd",32.4000015258789,1,32.5
"1985-03-10","be","1981-05-10","cdu",46.4000015258789,1,48
"1985-03-10","be","1981-05-10","fdp",8.5,1,5.59999990463257
"1985-03-10","be","1981-05-10","gru",10.6000003814697,1,7.19999980926514
"1985-03-10","be","1981-05-10","spd",32.4000015258789,1,38.4000015258789
"1985-03-10","sl","1980-04-27","cdu",37.2999992370605,1,44
"1985-03-10","sl","1980-04-27","fdp",10,1,6.90000009536743
"1985-03-10","sl","1980-04-27","gru",2.5,1,2.90000009536743
"1985-03-10","sl","1980-04-27","npd",0.699999988079071,1,0.699999988079071
"1985-03-10","sl","1980-04-27","spd",49.2000007629395,1,45.4000015258789
"1985-05-12","nw","1980-05-11","cdu",36.5,1,43.2000007629395
"1985-05-12","nw","1980-05-11","fdp",6,1,4.98000001907349
"1985-05-12","nw","1980-05-11","gru",4.59999990463257,1,3
"1985-05-12","nw","1980-05-11","spd",52.0999984741211,1,48.4000015258789
"1986-06-15","ni","1982-03-21","cdu",44.2999992370605,1,50.7000007629395
"1986-06-15","ni","1982-03-21","fdp",6,1,5.90000009536743
"1986-06-15","ni","1982-03-21","gru",7.09999990463257,1,6.5
"1986-06-15","ni","1982-03-21","spd",42.0999984741211,1,36.5
"1986-10-12","by","1982-10-10","cdu",55.7999992370605,1,58.2999992370605
"1986-10-12","by","1982-10-10","fdp",3.79999995231628,1,3.5
"1986-10-12","by","1982-10-10","gru",7.5,1,4.59999990463257
"1986-10-12","by","1982-10-10","spd",27.5,1,31.8999996185303
"1986-11-09","hh","1982-12-19","cdu",41.9000015258789,1,38.5999984741211
"1986-11-09","hh","1982-12-19","fdp",4.80000019073486,1,2.59999990463257
"1986-11-09","hh","1982-12-19","gru",10.3999996185303,1,6.80000019073486
"1986-11-09","hh","1982-12-19","spd",41.7000007629395,1,51.2999992370605
"1987-04-05","he","1983-09-25","cdu",42.0999984741211,1,39.4000015258789
"1987-04-05","he","1983-09-25","fdp",7.80000019073486,1,7.59999990463257
"1987-04-05","he","1983-09-25","gru",9.39999961853027,1,5.90000009536743
"1987-04-05","he","1983-09-25","spd",40.2000007629395,1,46.2000007629395
"1987-05-17","hh","1986-11-09","cdu",40.5,1,41.9000015258789
"1987-05-17","hh","1986-11-09","fdp",6.5,1,4.80000019073486
"1987-05-17","hh","1986-11-09","gru",7,1,10.3999996185303
"1987-05-17","hh","1986-11-09","spd",45,1,41.7000007629395
"1987-05-17","rp","1983-03-06","cdu",45.0999984741211,1,51.9000015258789
"1987-05-17","rp","1983-03-06","fdp",7.30000019073486,1,3.5
"1987-05-17","rp","1983-03-06","gru",5.90000009536743,1,4.5
"1987-05-17","rp","1983-03-06","spd",38.7999992370605,1,39.5999984741211
"1987-09-13","hb","1983-09-25","cdu",23.3999996185303,1,33.2999992370605
"1987-09-13","hb","1983-09-25","fdp",10,1,4.59999990463257
"1987-09-13","hb","1983-09-25","gru",10.1999998092651,1,5.40000009536743
"1987-09-13","hb","1983-09-25","npd",3.40000009536743,1,0.400000005960464
"1987-09-13","hb","1983-09-25","spd",50.5,1,51.2999992370605
"1987-09-13","sh","1983-03-13","cdu",42.5999984741211,1,49
"1987-09-13","sh","1983-03-13","fdp",5.19999980926514,1,2.20000004768372
"1987-09-13","sh","1983-03-13","gru",3.90000009536743,1,3.59999990463257
"1987-09-13","sh","1983-03-13","spd",45.2000007629395,1,43.7000007629395
"1988-03-20","bw","1984-03-25","cdu",49,1,51.9000015258789
"1988-03-20","bw","1984-03-25","fdp",5.90000009536743,1,7.19999980926514
"1988-03-20","bw","1984-03-25","gru",7.90000009536743,1,8
"1988-03-20","bw","1984-03-25","npd",2.09999990463257,1,0.899999976158142
"1988-03-20","bw","1984-03-25","spd",32,1,32.4000015258789
"1988-05-08","sh","1987-09-13","cdu",33.2999992370605,1,42.5999984741211
"1988-05-08","sh","1987-09-13","fdp",4.40000009536743,1,5.19999980926514
"1988-05-08","sh","1987-09-13","gru",2.90000009536743,1,3.90000009536743
"1988-05-08","sh","1987-09-13","spd",54.7999992370605,1,45.2000007629395
"1989-01-29","be","1985-03-10","cdu",37.7000007629395,1,46.4000015258789
"1989-01-29","be","1985-03-10","fdp",3.90000009536743,1,8.5
"1989-01-29","be","1985-03-10","gru",11.8000001907349,1,10.6000003814697
"1989-01-29","be","1985-03-10","spd",37.2999992370605,1,32.4000015258789
"1990-01-28","sl","1985-03-10","cdu",33.4000015258789,1,37.2999992370605
"1990-01-28","sl","1985-03-10","fdp",5.59999990463257,1,10
"1990-01-28","sl","1985-03-10","gru",2.59999990463257,1,2.5
"1990-01-28","sl","1985-03-10","npd",0.200000002980232,1,0.699999988079071
"1990-01-28","sl","1985-03-10","spd",54.4000015258789,1,49.2000007629395
"1990-05-13","ni","1986-06-15","cdu",42,1,44.2999992370605
"1990-05-13","ni","1986-06-15","fdp",6,1,6
"1990-05-13","ni","1986-06-15","gru",5.5,1,7.09999990463257
"1990-05-13","ni","1986-06-15","spd",44.2000007629395,1,42.0999984741211
"1990-05-13","nw","1985-05-12","cdu",36.7000007629395,1,36.5
"1990-05-13","nw","1985-05-12","fdp",5.80000019073486,1,6
"1990-05-13","nw","1985-05-12","gru",5,1,4.59999990463257
"1990-05-13","nw","1985-05-12","spd",50,1,52.0999984741211
"1990-10-14","bb",NA,"cdu",29.3999996185303,1,NA
"1990-10-14","bb",NA,"fdp",6.59999990463257,1,NA
"1990-10-14","bb",NA,"lin",13.3999996185303,1,NA
"1990-10-14","bb",NA,"spd",38.2000007629395,1,NA
"1990-10-14","by","1986-10-12","cdu",54.9000015258789,1,55.7999992370605
"1990-10-14","by","1986-10-12","fdp",5.19999980926514,1,3.79999995231628
"1990-10-14","by","1986-10-12","gru",6.40000009536743,1,7.5
"1990-10-14","by","1986-10-12","spd",26,1,27.5
"1990-10-14","mv",NA,"cdu",38.2999992370605,1,NA
"1990-10-14","mv",NA,"fdp",5.5,1,NA
"1990-10-14","mv",NA,"lin",15.6999998092651,1,NA
"1990-10-14","mv",NA,"npd",0.200000002980232,1,NA
"1990-10-14","mv",NA,"spd",27,1,NA
"1990-10-14","sn",NA,"cdu",53.7999992370605,1,NA
"1990-10-14","sn",NA,"fdp",5.30000019073486,1,NA
"1990-10-14","sn",NA,"gru",5.59999990463257,1,NA
"1990-10-14","sn",NA,"lin",10.1999998092651,1,NA
"1990-10-14","sn",NA,"npd",0.699999988079071,1,NA
"1990-10-14","sn",NA,"spd",19.1000003814697,1,NA
"1990-10-14","st",NA,"cdu",39,1,NA
"1990-10-14","st",NA,"fdp",13.5,1,NA
"1990-10-14","st",NA,"gru",5.30000019073486,1,NA
"1990-10-14","st",NA,"lin",12,1,NA
"1990-10-14","st",NA,"npd",0.100000001490116,1,NA
"1990-10-14","st",NA,"spd",26,1,NA
"1990-10-14","th",NA,"cdu",45.4000015258789,1,NA
"1990-10-14","th",NA,"fdp",9.30000019073486,1,NA
"1990-10-14","th",NA,"gru",6.5,1,NA
"1990-10-14","th",NA,"lin",9.69999980926514,1,NA
"1990-10-14","th",NA,"spd",22.7999992370605,1,NA
"1990-12-02","be","1989-01-29","cdu",40.4000015258789,1,37.7000007629395
"1990-12-02","be","1989-01-29","fdp",7.09999990463257,1,3.90000009536743
"1990-12-02","be","1989-01-29","gru",9.40000009536743,1,11.8000001907349
"1990-12-02","be","1989-01-29","lin",9.19999980926514,1,NA
"1990-12-02","be","1989-01-29","spd",30.3999996185303,1,37.2999992370605
"1991-01-20","he","1987-04-05","cdu",40.2000007629395,1,42.0999984741211
"1991-01-20","he","1987-04-05","fdp",7.40000009536743,1,7.80000019073486
"1991-01-20","he","1987-04-05","gru",8.80000019073486,1,9.39999961853027
"1991-01-20","he","1987-04-05","spd",40.7999992370605,1,40.2000007629395
"1991-04-21","rp","1987-05-17","cdu",38.7000007629395,1,45.0999984741211
"1991-04-21","rp","1987-05-17","fdp",6.90000009536743,1,7.30000019073486
"1991-04-21","rp","1987-05-17","gru",6.5,1,5.90000009536743
"1991-04-21","rp","1987-05-17","spd",44.7999992370605,1,38.7999992370605
"1991-06-02","hh","1987-05-17","cdu",35.0999984741211,1,40.5
"1991-06-02","hh","1987-05-17","fdp",5.40000009536743,1,6.5
"1991-06-02","hh","1987-05-17","gru",7.19999980926514,1,7
"1991-06-02","hh","1987-05-17","lin",0.5,1,NA
"1991-06-02","hh","1987-05-17","spd",48,1,45
"1991-09-29","hb","1987-09-13","cdu",30.7000007629395,1,23.3999996185303
"1991-09-29","hb","1987-09-13","fdp",9.5,1,10
"1991-09-29","hb","1987-09-13","gru",11.3999996185303,1,10.1999998092651
"1991-09-29","hb","1987-09-13","npd",6.19999980926514,1,3.40000009536743
"1991-09-29","hb","1987-09-13","spd",38.7999992370605,1,50.5
"1992-04-05","bw","1988-03-20","cdu",39.5999984741211,1,49
"1992-04-05","bw","1988-03-20","fdp",5.90000009536743,1,5.90000009536743
"1992-04-05","bw","1988-03-20","gru",9.5,1,7.90000009536743
"1992-04-05","bw","1988-03-20","npd",0.899999976158142,1,2.09999990463257
"1992-04-05","bw","1988-03-20","spd",29.3999996185303,1,32
"1992-04-05","sh","1988-05-08","cdu",33.7999992370605,1,33.2999992370605
"1992-04-05","sh","1988-05-08","fdp",5.59999990463257,1,4.40000009536743
"1992-04-05","sh","1988-05-08","gru",4.96999979019165,1,2.90000009536743
"1992-04-05","sh","1988-05-08","spd",46.2000007629395,1,54.7999992370605
"1993-09-19","hh","1991-06-02","cdu",25.1000003814697,1,35.0999984741211
"1993-09-19","hh","1991-06-02","fdp",4.19999980926514,1,5.40000009536743
"1993-09-19","hh","1991-06-02","gru",13.5,1,7.19999980926514
"1993-09-19","hh","1991-06-02","lin",0.5,1,0.5
"1993-09-19","hh","1991-06-02","spd",40.4000015258789,1,48
"1994-03-13","ni","1990-05-13","cdu",36.4000015258789,1,42
"1994-03-13","ni","1990-05-13","fdp",4.40000009536743,1,6
"1994-03-13","ni","1990-05-13","gru",7.40000009536743,1,5.5
"1994-03-13","ni","1990-05-13","spd",44.2999992370605,1,44.2000007629395
"1994-06-26","st","1990-10-14","cdu",34.4000015258789,1,39
"1994-06-26","st","1990-10-14","fdp",3.59999990463257,1,13.5
"1994-06-26","st","1990-10-14","gru",5.09999990463257,1,5.30000019073486
"1994-06-26","st","1990-10-14","lin",19.8999996185303,1,12
"1994-06-26","st","1990-10-14","spd",34,1,26
"1994-09-11","bb","1990-10-14","cdu",18.7000007629395,1,29.3999996185303
"1994-09-11","bb","1990-10-14","fdp",2.20000004768372,1,6.59999990463257
"1994-09-11","bb","1990-10-14","gru",2.90000009536743,1,NA
"1994-09-11","bb","1990-10-14","lin",18.7000007629395,1,13.3999996185303
"1994-09-11","bb","1990-10-14","spd",54.0999984741211,1,38.2000007629395
"1994-09-11","sn","1990-10-14","cdu",58.0999984741211,1,53.7999992370605
"1994-09-11","sn","1990-10-14","fdp",1.70000004768372,1,5.30000019073486
"1994-09-11","sn","1990-10-14","gru",4.09999990463257,1,5.59999990463257
"1994-09-11","sn","1990-10-14","lin",16.5,1,10.1999998092651
"1994-09-11","sn","1990-10-14","spd",16.6000003814697,1,19.1000003814697
"1994-09-25","by","1990-10-14","cdu",52.7999992370605,1,54.9000015258789
"1994-09-25","by","1990-10-14","fdp",2.79999995231628,1,5.19999980926514
"1994-09-25","by","1990-10-14","gru",6.09999990463257,1,6.40000009536743
"1994-09-25","by","1990-10-14","spd",30,1,26
"1994-10-16","mv","1990-10-14","cdu",37.7000007629395,1,38.2999992370605
"1994-10-16","mv","1990-10-14","fdp",3.79999995231628,1,5.5
"1994-10-16","mv","1990-10-14","gru",3.70000004768372,1,NA
"1994-10-16","mv","1990-10-14","lin",22.7000007629395,1,15.6999998092651
"1994-10-16","mv","1990-10-14","npd",0.100000001490116,1,0.200000002980232
"1994-10-16","mv","1990-10-14","spd",29.5,1,27
"1994-10-16","sl","1990-01-28","cdu",38.5999984741211,1,33.4000015258789
"1994-10-16","sl","1990-01-28","fdp",2.09999990463257,1,5.59999990463257
"1994-10-16","sl","1990-01-28","gru",5.5,1,2.59999990463257
"1994-10-16","sl","1990-01-28","spd",49.4000015258789,1,54.4000015258789
"1994-10-16","th","1990-10-14","cdu",42.5999984741211,1,45.4000015258789
"1994-10-16","th","1990-10-14","fdp",3.20000004768372,1,9.30000019073486
"1994-10-16","th","1990-10-14","gru",4.5,1,6.5
"1994-10-16","th","1990-10-14","lin",16.6000003814697,1,9.69999980926514
"1994-10-16","th","1990-10-14","spd",29.6000003814697,1,22.7999992370605
"1995-02-19","he","1991-01-20","cdu",39.2000007629395,1,40.2000007629395
"1995-02-19","he","1991-01-20","fdp",7.40000009536743,1,7.40000009536743
"1995-02-19","he","1991-01-20","gru",11.1999998092651,1,8.80000019073486
"1995-02-19","he","1991-01-20","spd",38,1,40.7999992370605
"1995-05-14","hb","1991-09-29","cdu",32.5999984741211,1,30.7000007629395
"1995-05-14","hb","1991-09-29","fdp",3.40000009536743,1,9.5
"1995-05-14","hb","1991-09-29","gru",13.1000003814697,1,11.3999996185303
"1995-05-14","hb","1991-09-29","lin",2.40000009536743,1,NA
"1995-05-14","hb","1991-09-29","npd",2.5,1,6.19999980926514
"1995-05-14","hb","1991-09-29","spd",33.4000015258789,1,38.7999992370605
"1995-05-14","nw","1990-05-13","cdu",37.7000007629395,1,36.7000007629395
"1995-05-14","nw","1990-05-13","fdp",4,1,5.80000019073486
"1995-05-14","nw","1990-05-13","gru",10,1,5
"1995-05-14","nw","1990-05-13","spd",46,1,50
"1995-10-22","be","1990-12-02","cdu",37.4000015258789,1,40.4000015258789
"1995-10-22","be","1990-12-02","fdp",2.5,1,7.09999990463257
"1995-10-22","be","1990-12-02","gru",13.1999998092651,1,9.40000009536743
"1995-10-22","be","1990-12-02","lin",14.6000003814697,1,9.19999980926514
"1995-10-22","be","1990-12-02","spd",23.6000003814697,1,30.3999996185303
"1996-03-24","bw","1992-04-05","cdu",41.2999992370605,1,39.5999984741211
"1996-03-24","bw","1992-04-05","fdp",9.60000038146973,1,5.90000009536743
"1996-03-24","bw","1992-04-05","gru",12.1000003814697,1,9.5
"1996-03-24","bw","1992-04-05","spd",25.1000003814697,1,29.3999996185303
"1996-03-24","rp","1991-04-21","cdu",38.7000007629395,1,38.7000007629395
"1996-03-24","rp","1991-04-21","fdp",8.89999961853027,1,6.90000009536743
"1996-03-24","rp","1991-04-21","gru",6.90000009536743,1,6.5
"1996-03-24","rp","1991-04-21","spd",39.7999992370605,1,44.7999992370605
"1996-03-24","sh","1992-04-05","cdu",37.2000007629395,1,33.7999992370605
"1996-03-24","sh","1992-04-05","fdp",5.69999980926514,1,5.59999990463257
"1996-03-24","sh","1992-04-05","gru",8.10000038146973,1,4.96999979019165
"1996-03-24","sh","1992-04-05","spd",39.7999992370605,1,46.2000007629395
"1997-09-21","hh","1993-09-19","cdu",30.7000007629395,1,25.1000003814697
"1997-09-21","hh","1993-09-19","fdp",3.5,1,4.19999980926514
"1997-09-21","hh","1993-09-19","gru",13.8999996185303,1,13.5
"1997-09-21","hh","1993-09-19","lin",0.699999988079071,1,0.5
"1997-09-21","hh","1993-09-19","spd",36.2000007629395,1,40.4000015258789
"1998-03-01","ni","1994-03-13","cdu",35.9000015258789,1,36.4000015258789
"1998-03-01","ni","1994-03-13","fdp",4.90000009536743,1,4.40000009536743
"1998-03-01","ni","1994-03-13","gru",7,1,7.40000009536743
"1998-03-01","ni","1994-03-13","spd",47.9000015258789,1,44.2999992370605
"1998-04-26","st","1994-06-26","cdu",22,1,34.4000015258789
"1998-04-26","st","1994-06-26","fdp",4.19999980926514,1,3.59999990463257
"1998-04-26","st","1994-06-26","gru",3.20000004768372,1,5.09999990463257
"1998-04-26","st","1994-06-26","lin",19.6000003814697,1,19.8999996185303
"1998-04-26","st","1994-06-26","spd",35.9000015258789,1,34
"1998-09-13","by","1994-09-25","cdu",52.9000015258789,1,52.7999992370605
"1998-09-13","by","1994-09-25","fdp",1.70000004768372,1,2.79999995231628
"1998-09-13","by","1994-09-25","gru",5.69999980926514,1,6.09999990463257
"1998-09-13","by","1994-09-25","spd",28.7000007629395,1,30
"1998-09-27","mv","1994-10-16","cdu",30.2000007629395,1,37.7000007629395
"1998-09-27","mv","1994-10-16","fdp",1.60000002384186,1,3.79999995231628
"1998-09-27","mv","1994-10-16","gru",2.70000004768372,1,3.70000004768372
"1998-09-27","mv","1994-10-16","lin",24.3999996185303,1,22.7000007629395
"1998-09-27","mv","1994-10-16","npd",1.10000002384186,1,0.100000001490116
"1998-09-27","mv","1994-10-16","spd",34.2999992370605,1,29.5
"1999-02-07","he","1995-02-19","cdu",43.4000015258789,1,39.2000007629395
"1999-02-07","he","1995-02-19","fdp",5.09999990463257,1,7.40000009536743
"1999-02-07","he","1995-02-19","gru",7.19999980926514,1,11.1999998092651
"1999-02-07","he","1995-02-19","spd",39.4000015258789,1,38
"1999-06-06","hb","1995-05-14","cdu",37.0999984741211,1,32.5999984741211
"1999-06-06","hb","1995-05-14","fdp",2.5,1,3.40000009536743
"1999-06-06","hb","1995-05-14","gru",9,1,13.1000003814697
"1999-06-06","hb","1995-05-14","lin",2.90000009536743,1,2.40000009536743
"1999-06-06","hb","1995-05-14","npd",3,1,2.5
"1999-06-06","hb","1995-05-14","spd",42.5999984741211,1,33.4000015258789
"1999-09-05","bb","1994-09-11","cdu",26.6000003814697,1,18.7000007629395
"1999-09-05","bb","1994-09-11","fdp",1.89999997615814,1,2.20000004768372
"1999-09-05","bb","1994-09-11","gru",1.89999997615814,1,2.90000009536743
"1999-09-05","bb","1994-09-11","lin",23.2999992370605,1,18.7000007629395
"1999-09-05","bb","1994-09-11","spd",39.2999992370605,1,54.0999984741211
"1999-09-05","sl","1994-10-16","cdu",45.5,1,38.5999984741211
"1999-09-05","sl","1994-10-16","fdp",2.59999990463257,1,2.09999990463257
"1999-09-05","sl","1994-10-16","gru",3.20000004768372,1,5.5
"1999-09-05","sl","1994-10-16","lin",0.800000011920929,1,NA
"1999-09-05","sl","1994-10-16","spd",44.4000015258789,1,49.4000015258789
"1999-09-12","th","1994-10-16","cdu",51,1,42.5999984741211
"1999-09-12","th","1994-10-16","fdp",1.10000002384186,1,3.20000004768372
"1999-09-12","th","1994-10-16","gru",1.89999997615814,1,4.5
"1999-09-12","th","1994-10-16","lin",21.3999996185303,1,16.6000003814697
"1999-09-12","th","1994-10-16","spd",18.5,1,29.6000003814697
"1999-09-19","sn","1994-09-11","cdu",56.9000015258789,1,58.0999984741211
"1999-09-19","sn","1994-09-11","fdp",1.10000002384186,1,1.70000004768372
"1999-09-19","sn","1994-09-11","gru",2.59999990463257,1,4.09999990463257
"1999-09-19","sn","1994-09-11","lin",22.2000007629395,1,16.5
"1999-09-19","sn","1994-09-11","npd",1.39999997615814,1,0.699999988079071
"1999-09-19","sn","1994-09-11","spd",10.6999998092651,1,16.6000003814697
"1999-10-10","be","1995-10-22","cdu",40.7999992370605,1,37.4000015258789
"1999-10-10","be","1995-10-22","fdp",2.20000004768372,1,2.5
"1999-10-10","be","1995-10-22","gru",9.89999961853027,1,13.1999998092651
"1999-10-10","be","1995-10-22","lin",17.7000007629395,1,14.6000003814697
"1999-10-10","be","1995-10-22","spd",22.3999996185303,1,23.6000003814697
"2000-02-27","sh","1996-03-24","cdu",35.2000007629395,1,37.2000007629395
"2000-02-27","sh","1996-03-24","fdp",7.59999990463257,1,5.69999980926514
"2000-02-27","sh","1996-03-24","gru",6.19999980926514,1,8.10000038146973
"2000-02-27","sh","1996-03-24","lin",1.39999997615814,1,NA
"2000-02-27","sh","1996-03-24","spd",43.0999984741211,1,39.7999992370605
"2000-05-14","nw","1995-05-14","cdu",37,1,37.7000007629395
"2000-05-14","nw","1995-05-14","fdp",9.80000019073486,1,4
"2000-05-14","nw","1995-05-14","gru",7.09999990463257,1,10
"2000-05-14","nw","1995-05-14","lin",1.10000002384186,1,NA
"2000-05-14","nw","1995-05-14","npd",0,1,0.400000005960464
"2000-05-14","nw","1995-05-14","spd",42.7999992370605,1,46
"2001-03-25","bw","1996-03-24","cdu",44.7999992370605,1,41.2999992370605
"2001-03-25","bw","1996-03-24","fdp",8.10000038146973,1,9.60000038146973
"2001-03-25","bw","1996-03-24","gru",7.69999980926514,1,12.1000003814697
"2001-03-25","bw","1996-03-24","npd",0.200000002980232,1,0.899999976158142
"2001-03-25","bw","1996-03-24","spd",33.2999992370605,1,25.1000003814697
"2001-03-25","rp","1996-03-24","cdu",35.2999992370605,1,38.7000007629395
"2001-03-25","rp","1996-03-24","fdp",7.80000019073486,1,8.89999961853027
"2001-03-25","rp","1996-03-24","gru",5.19999980926514,1,6.90000009536743
"2001-03-25","rp","1996-03-24","spd",44.7000007629395,1,39.7999992370605
"2001-09-23","hh","1997-09-21","cdu",26.2000007629395,1,30.7000007629395
"2001-09-23","hh","1997-09-21","fdp",5.09999990463257,1,3.5
"2001-09-23","hh","1997-09-21","gru",8.60000038146973,1,13.8999996185303
"2001-09-23","hh","1997-09-21","lin",0.400000005960464,1,0.699999988079071
"2001-09-23","hh","1997-09-21","spd",36.5,1,36.2000007629395
"2001-10-21","be","1999-10-10","cdu",23.7999992370605,1,40.7999992370605
"2001-10-21","be","1999-10-10","fdp",9.89999961853027,1,2.20000004768372
"2001-10-21","be","1999-10-10","gru",9.10000038146973,1,9.89999961853027
"2001-10-21","be","1999-10-10","lin",22.6000003814697,1,17.7000007629395
"2001-10-21","be","1999-10-10","spd",29.7000007629395,1,22.3999996185303
"2002-04-21","st","1998-04-26","cdu",37.2999992370605,1,22
"2002-04-21","st","1998-04-26","fdp",13.3000001907349,1,4.19999980926514
"2002-04-21","st","1998-04-26","gru",2,1,3.20000004768372
"2002-04-21","st","1998-04-26","lin",20.3999996185303,1,19.6000003814697
"2002-04-21","st","1998-04-26","spd",20,1,35.9000015258789
"2002-09-22","mv","1998-09-27","cdu",31.3999996185303,1,30.2000007629395
"2002-09-22","mv","1998-09-27","fdp",4.69999980926514,1,1.60000002384186
"2002-09-22","mv","1998-09-27","gru",2.59999990463257,1,2.70000004768372
"2002-09-22","mv","1998-09-27","lin",16.3999996185303,1,24.3999996185303
"2002-09-22","mv","1998-09-27","npd",0.800000011920929,1,1.10000002384186
"2002-09-22","mv","1998-09-27","spd",40.5999984741211,1,34.2999992370605
"2003-02-02","he","1999-02-07","cdu",48.7999992370605,1,43.4000015258789
"2003-02-02","he","1999-02-07","fdp",7.90000009536743,1,5.09999990463257
"2003-02-02","he","1999-02-07","gru",10.1000003814697,1,7.19999980926514
"2003-02-02","he","1999-02-07","spd",29.1000003814697,1,39.4000015258789
"2003-02-02","ni","1998-03-01","cdu",48.2999992370605,1,35.9000015258789
"2003-02-02","ni","1998-03-01","fdp",8.10000038146973,1,4.90000009536743
"2003-02-02","ni","1998-03-01","gru",7.59999990463257,1,7
"2003-02-02","ni","1998-03-01","lin",0.5,1,NA
"2003-02-02","ni","1998-03-01","spd",33.4000015258789,1,47.9000015258789
"2003-05-25","hb","1999-06-06","cdu",29.7999992370605,1,37.0999984741211
"2003-05-25","hb","1999-06-06","fdp",4.19999980926514,1,2.5
"2003-05-25","hb","1999-06-06","gru",12.8000001907349,1,9
"2003-05-25","hb","1999-06-06","lin",1.70000004768372,1,2.90000009536743
"2003-05-25","hb","1999-06-06","npd",2.29999995231628,1,3
"2003-05-25","hb","1999-06-06","spd",42.2999992370605,1,42.5999984741211
"2003-09-21","by","1998-09-13","cdu",60.7000007629395,1,52.9000015258789
"2003-09-21","by","1998-09-13","fdp",2.59999990463257,1,1.70000004768372
"2003-09-21","by","1998-09-13","gru",7.69999980926514,1,5.69999980926514
"2003-09-21","by","1998-09-13","spd",19.6000003814697,1,28.7000007629395
"2004-02-29","hh","2001-09-23","cdu",47.2000007629395,1,26.2000007629395
"2004-02-29","hh","2001-09-23","fdp",2.79999995231628,1,5.09999990463257
"2004-02-29","hh","2001-09-23","gru",12.3000001907349,1,8.60000038146973
"2004-02-29","hh","2001-09-23","spd",30.5,1,36.5
"2004-06-13","th","1999-09-12","cdu",43,1,51
"2004-06-13","th","1999-09-12","fdp",3.59999990463257,1,1.10000002384186
"2004-06-13","th","1999-09-12","gru",4.5,1,1.89999997615814
"2004-06-13","th","1999-09-12","lin",26.1000003814697,1,21.3999996185303
"2004-06-13","th","1999-09-12","npd",1.60000002384186,1,NA
"2004-06-13","th","1999-09-12","spd",14.5,1,18.5
"2004-09-05","sl","1999-09-05","cdu",47.5,1,45.5
"2004-09-05","sl","1999-09-05","fdp",5.19999980926514,1,2.59999990463257
"2004-09-05","sl","1999-09-05","gru",5.59999990463257,1,3.20000004768372
"2004-09-05","sl","1999-09-05","lin",2.29999995231628,1,0.800000011920929
"2004-09-05","sl","1999-09-05","npd",4,1,0.200000002980232
"2004-09-05","sl","1999-09-05","spd",30.7999992370605,1,44.4000015258789
"2004-09-19","bb","1999-09-05","cdu",19.3999996185303,1,26.6000003814697
"2004-09-19","bb","1999-09-05","fdp",3.29999995231628,1,1.89999997615814
"2004-09-19","bb","1999-09-05","gru",3.59999990463257,1,1.89999997615814
"2004-09-19","bb","1999-09-05","lin",28,1,23.2999992370605
"2004-09-19","bb","1999-09-05","spd",31.8999996185303,1,39.2999992370605
"2004-09-19","sn","1999-09-19","cdu",41.0999984741211,1,56.9000015258789
"2004-09-19","sn","1999-09-19","fdp",5.90000009536743,1,1.10000002384186
"2004-09-19","sn","1999-09-19","gru",5.09999990463257,1,2.59999990463257
"2004-09-19","sn","1999-09-19","lin",23.6000003814697,1,22.2000007629395
"2004-09-19","sn","1999-09-19","npd",9.19999980926514,1,1.39999997615814
"2004-09-19","sn","1999-09-19","spd",9.80000019073486,1,10.6999998092651
"2005-02-20","sh","2000-02-27","cdu",40.2000007629395,1,35.2000007629395
"2005-02-20","sh","2000-02-27","fdp",6.59999990463257,1,7.59999990463257
"2005-02-20","sh","2000-02-27","gru",6.19999980926514,1,6.19999980926514
"2005-02-20","sh","2000-02-27","lin",0.800000011920929,1,1.39999997615814
"2005-02-20","sh","2000-02-27","spd",38.7000007629395,1,43.0999984741211
"2005-05-22","nw","2000-05-14","cdu",44.7999992370605,1,37
"2005-05-22","nw","2000-05-14","fdp",6.19999980926514,1,9.80000019073486
"2005-05-22","nw","2000-05-14","gru",6.19999980926514,1,7.09999990463257
"2005-05-22","nw","2000-05-14","lin",0.899999976158142,1,1.10000002384186
"2005-05-22","nw","2000-05-14","npd",0.899999976158142,1,0
"2005-05-22","nw","2000-05-14","spd",37.0999984741211,1,42.7999992370605
"2006-03-26","bw","2001-03-25","cdu",44.2000007629395,1,44.7999992370605
"2006-03-26","bw","2001-03-25","fdp",10.6999998092651,1,8.10000038146973
"2006-03-26","bw","2001-03-25","gru",11.6999998092651,1,7.69999980926514
"2006-03-26","bw","2001-03-25","lin",3.09999990463257,1,NA
"2006-03-26","bw","2001-03-25","npd",0.699999988079071,1,0.200000002980232
"2006-03-26","bw","2001-03-25","spd",25.2000007629395,1,33.2999992370605
"2006-03-26","rp","2001-03-25","cdu",32.7999992370605,1,35.2999992370605
"2006-03-26","rp","2001-03-25","fdp",8,1,7.80000019073486
"2006-03-26","rp","2001-03-25","gru",4.59999990463257,1,5.19999980926514
"2006-03-26","rp","2001-03-25","lin",2.5,1,NA
"2006-03-26","rp","2001-03-25","spd",45.5999984741211,1,44.7000007629395
"2006-03-26","st","2002-04-21","cdu",36.2000007629395,1,37.2999992370605
"2006-03-26","st","2002-04-21","fdp",6.69999980926514,1,13.3000001907349
"2006-03-26","st","2002-04-21","gru",3.59999990463257,1,2
"2006-03-26","st","2002-04-21","lin",24.1000003814697,1,20.3999996185303
"2006-03-26","st","2002-04-21","spd",21.3999996185303,1,20
"2006-09-17","be","2001-10-21","cdu",21.2999992370605,1,23.7999992370605
"2006-09-17","be","2001-10-21","fdp",7.59999990463257,1,9.89999961853027
"2006-09-17","be","2001-10-21","gru",13.1000003814697,1,9.10000038146973
"2006-09-17","be","2001-10-21","lin",13.3999996185303,1,22.6000003814697
"2006-09-17","be","2001-10-21","spd",30.7999992370605,1,29.7000007629395
"2006-09-17","mv","2002-09-22","cdu",28.7999992370605,1,31.3999996185303
"2006-09-17","mv","2002-09-22","fdp",9.60000038146973,1,4.69999980926514
"2006-09-17","mv","2002-09-22","gru",3.40000009536743,1,2.59999990463257
"2006-09-17","mv","2002-09-22","lin",16.7999992370605,1,16.3999996185303
"2006-09-17","mv","2002-09-22","npd",7.30000019073486,1,0.800000011920929
"2006-09-17","mv","2002-09-22","spd",30.2000007629395,1,40.5999984741211
"2007-05-13","hb","2003-05-25","cdu",25.6000003814697,1,29.7999992370605
"2007-05-13","hb","2003-05-25","fdp",6,1,4.19999980926514
"2007-05-13","hb","2003-05-25","gru",16.5,1,12.8000001907349
"2007-05-13","hb","2003-05-25","lin",8.39999961853027,1,1.70000004768372
"2007-05-13","hb","2003-05-25","npd",2.70000004768372,1,2.29999995231628
"2007-05-13","hb","2003-05-25","spd",36.7000007629395,1,42.2999992370605
"2008-01-27","he","2003-02-02","cdu",36.7999992370605,1,48.7999992370605
"2008-01-27","he","2003-02-02","fdp",9.39999961853027,1,7.90000009536743
"2008-01-27","he","2003-02-02","gru",7.5,1,10.1000003814697
"2008-01-27","he","2003-02-02","lin",5.09999990463257,1,NA
"2008-01-27","he","2003-02-02","npd",0.899999976158142,1,0.400000005960464
"2008-01-27","he","2003-02-02","spd",36.7000007629395,1,29.1000003814697
"2008-01-27","ni","2003-02-02","cdu",42.5,1,48.2999992370605
"2008-01-27","ni","2003-02-02","fdp",8.19999980926514,1,8.10000038146973
"2008-01-27","ni","2003-02-02","gru",8,1,7.59999990463257
"2008-01-27","ni","2003-02-02","lin",7.09999990463257,1,0.5
"2008-01-27","ni","2003-02-02","spd",30.2999992370605,1,33.4000015258789
"2008-02-24","hh","2004-02-29","cdu",42.5999984741211,1,47.2000007629395
"2008-02-24","hh","2004-02-29","fdp",4.80000019073486,1,2.79999995231628
"2008-02-24","hh","2004-02-29","gru",9.60000038146973,1,12.3000001907349
"2008-02-24","hh","2004-02-29","lin",6.40000009536743,1,0.400000005960464
"2008-02-24","hh","2004-02-29","spd",34.0999984741211,1,30.5
"2008-09-28","by","2003-09-21","cdu",43.4000015258789,1,60.7000007629395
"2008-09-28","by","2003-09-21","fdp",8,1,2.59999990463257
"2008-09-28","by","2003-09-21","gru",9.39999961853027,1,7.69999980926514
"2008-09-28","by","2003-09-21","lin",4.40000009536743,1,NA
"2008-09-28","by","2003-09-21","spd",18.6000003814697,1,19.6000003814697
"2009-01-18","he","2008-01-27","cdu",37.2000007629395,1,36.7999992370605
"2009-01-18","he","2008-01-27","fdp",16.2000007629395,1,9.39999961853027
"2009-01-18","he","2008-01-27","gru",13.6999998092651,1,7.5
"2009-01-18","he","2008-01-27","lin",5.40000009536743,1,5.09999990463257
"2009-01-18","he","2008-01-27","npd",0.899999976158142,1,0.899999976158142
"2009-01-18","he","2008-01-27","spd",23.7000007629395,1,36.7000007629395
"2009-08-30","sl","2004-09-05","cdu",34.5,1,47.5
"2009-08-30","sl","2004-09-05","fdp",9.19999980926514,1,5.19999980926514
"2009-08-30","sl","2004-09-05","gru",5.90000009536743,1,5.59999990463257
"2009-08-30","sl","2004-09-05","lin",21.2999992370605,1,2.29999995231628
"2009-08-30","sl","2004-09-05","npd",1.5,1,4
"2009-08-30","sl","2004-09-05","spd",24.5,1,30.7999992370605
"2009-08-30","sn","2004-09-19","cdu",40.2000007629395,1,41.0999984741211
"2009-08-30","sn","2004-09-19","fdp",10,1,5.90000009536743
"2009-08-30","sn","2004-09-19","gru",6.40000009536743,1,5.09999990463257
"2009-08-30","sn","2004-09-19","lin",20.6000003814697,1,23.6000003814697
"2009-08-30","sn","2004-09-19","npd",5.59999990463257,1,9.19999980926514
"2009-08-30","sn","2004-09-19","spd",10.3999996185303,1,9.80000019073486
"2009-08-30","th","2004-06-13","cdu",31.2000007629395,1,43
"2009-08-30","th","2004-06-13","fdp",7.59999990463257,1,3.59999990463257
"2009-08-30","th","2004-06-13","gru",6.19999980926514,1,4.5
"2009-08-30","th","2004-06-13","lin",27.3999996185303,1,26.1000003814697
"2009-08-30","th","2004-06-13","npd",4.30000019073486,1,1.60000002384186
"2009-08-30","th","2004-06-13","spd",18.5,1,14.5
"2009-09-27","bb","2004-09-19","cdu",19.7999992370605,1,19.3999996185303
"2009-09-27","bb","2004-09-19","fdp",7.19999980926514,1,3.29999995231628
"2009-09-27","bb","2004-09-19","gru",5.69999980926514,1,3.59999990463257
"2009-09-27","bb","2004-09-19","lin",27.2000007629395,1,28
"2009-09-27","bb","2004-09-19","npd",2.59999990463257,1,NA
"2009-09-27","bb","2004-09-19","spd",33,1,31.8999996185303
"2009-09-27","sh","2005-02-20","cdu",31.5,1,40.2000007629395
"2009-09-27","sh","2005-02-20","fdp",14.8999996185303,1,6.59999990463257
"2009-09-27","sh","2005-02-20","gru",12.3999996185303,1,6.19999980926514
"2009-09-27","sh","2005-02-20","lin",6,1,0.800000011920929
"2009-09-27","sh","2005-02-20","spd",25.3999996185303,1,38.7000007629395
"2010-05-09","nw","2005-05-22","cdu",34.5999984741211,1,44.7999992370605
"2010-05-09","nw","2005-05-22","fdp",6.69999980926514,1,6.19999980926514
"2010-05-09","nw","2005-05-22","gru",12.1000003814697,1,6.19999980926514
"2010-05-09","nw","2005-05-22","lin",5.59999990463257,1,0.899999976158142
"2010-05-09","nw","2005-05-22","npd",0.699999988079071,1,0.899999976158142
"2010-05-09","nw","2005-05-22","spd",34.5,1,37.0999984741211
"2011-02-20","hh","2008-02-24","cdu",21.8999996185303,1,42.5999984741211
"2011-02-20","hh","2008-02-24","fdp",6.69999980926514,1,4.80000019073486
"2011-02-20","hh","2008-02-24","gru",11.1999998092651,1,9.60000038146973
"2011-02-20","hh","2008-02-24","lin",6.40000009536743,1,6.40000009536743
"2011-02-20","hh","2008-02-24","spd",48.4000015258789,1,34.0999984741211
"2011-03-20","st","2006-03-26","cdu",32.5,1,36.2000007629395
"2011-03-20","st","2006-03-26","fdp",3.79999995231628,1,6.69999980926514
"2011-03-20","st","2006-03-26","gru",7.09999990463257,1,3.59999990463257
"2011-03-20","st","2006-03-26","lin",23.7000007629395,1,24.1000003814697
"2011-03-20","st","2006-03-26","npd",4.59999990463257,1,0.100000001490116
"2011-03-20","st","2006-03-26","spd",21.5,1,21.3999996185303
"2011-03-27","bw","2006-03-26","cdu",39,1,44.2000007629395
"2011-03-27","bw","2006-03-26","fdp",5.30000019073486,1,10.6999998092651
"2011-03-27","bw","2006-03-26","gru",24.2000007629395,1,11.6999998092651
"2011-03-27","bw","2006-03-26","lin",2.79999995231628,1,3.09999990463257
"2011-03-27","bw","2006-03-26","npd",1,1,0.699999988079071
"2011-03-27","bw","2006-03-26","spd",23.1000003814697,1,25.2000007629395
"2011-03-27","rp","2006-03-26","cdu",35.2000007629395,1,32.7999992370605
"2011-03-27","rp","2006-03-26","fdp",4.19999980926514,1,8
"2011-03-27","rp","2006-03-26","gru",15.3999996185303,1,4.59999990463257
"2011-03-27","rp","2006-03-26","lin",3,1,2.5
"2011-03-27","rp","2006-03-26","spd",35.7000007629395,1,45.5999984741211
"2011-05-22","hb","2007-05-13","cdu",20.3999996185303,1,25.6000003814697
"2011-05-22","hb","2007-05-13","fdp",2.40000009536743,1,6
"2011-05-22","hb","2007-05-13","gru",22.5,1,16.5
"2011-05-22","hb","2007-05-13","lin",5.59999990463257,1,8.39999961853027
"2011-05-22","hb","2007-05-13","npd",1.60000002384186,1,2.70000004768372
"2011-05-22","hb","2007-05-13","spd",38.5999984741211,1,36.7000007629395
"2011-09-04","mv","2006-09-17","cdu",23,1,28.7999992370605
"2011-09-04","mv","2006-09-17","fdp",2.79999995231628,1,9.60000038146973
"2011-09-04","mv","2006-09-17","gru",8.69999980926514,1,3.40000009536743
"2011-09-04","mv","2006-09-17","lin",18.3999996185303,1,16.7999992370605
"2011-09-04","mv","2006-09-17","npd",6,1,7.30000019073486
"2011-09-04","mv","2006-09-17","spd",35.5999984741211,1,30.2000007629395
"2011-09-18","be","2006-09-17","cdu",23.3999996185303,1,21.2999992370605
"2011-09-18","be","2006-09-17","fdp",1.79999995231628,1,7.59999990463257
"2011-09-18","be","2006-09-17","gru",17.6000003814697,1,13.1000003814697
"2011-09-18","be","2006-09-17","lin",11.6999998092651,1,13.3999996185303
"2011-09-18","be","2006-09-17","spd",28.2999992370605,1,30.7999992370605
"2012-03-25","sl","2009-08-30","cdu",35.2000007629395,1,34.5
"2012-03-25","sl","2009-08-30","fdp",1.20000004768372,1,9.19999980926514
"2012-03-25","sl","2009-08-30","gru",5,1,5.90000009536743
"2012-03-25","sl","2009-08-30","lin",16.1000003814697,1,21.2999992370605
"2012-03-25","sl","2009-08-30","npd",1.20000004768372,1,1.5
"2012-03-25","sl","2009-08-30","spd",30.6000003814697,1,24.5
"2012-05-06","sh","2009-09-27","cdu",30.7999992370605,1,31.5
"2012-05-06","sh","2009-09-27","fdp",8.19999980926514,1,14.8999996185303
"2012-05-06","sh","2009-09-27","gru",13.1999998092651,1,12.3999996185303
"2012-05-06","sh","2009-09-27","lin",2.29999995231628,1,6
"2012-05-06","sh","2009-09-27","spd",30.3999996185303,1,25.3999996185303
"2012-05-13","nw","2010-05-09","cdu",26.2999992370605,1,34.5999984741211
"2012-05-13","nw","2010-05-09","fdp",8.60000038146973,1,6.69999980926514
"2012-05-13","nw","2010-05-09","gru",11.3000001907349,1,12.1000003814697
"2012-05-13","nw","2010-05-09","lin",2.5,1,5.59999990463257
"2012-05-13","nw","2010-05-09","npd",0.5,1,0.699999988079071
"2012-05-13","nw","2010-05-09","spd",39.0999984741211,1,34.5
"2013-01-20","ni","2008-01-27","cdu",36,1,42.5
"2013-01-20","ni","2008-01-27","fdp",9.89999961853027,1,8.19999980926514
"2013-01-20","ni","2008-01-27","gru",13.6999998092651,1,8
"2013-01-20","ni","2008-01-27","lin",3.09999990463257,1,7.09999990463257
"2013-01-20","ni","2008-01-27","spd",32.5999984741211,1,30.2999992370605
"2013-09-15","by","2008-09-28","cdu",47.7000007629395,1,43.4000015258789
"2013-09-15","by","2008-09-28","fdp",3.29999995231628,1,8
"2013-09-15","by","2008-09-28","gru",8.60000038146973,1,9.39999961853027
"2013-09-15","by","2008-09-28","lin",2.09999990463257,1,4.40000009536743
"2013-09-15","by","2008-09-28","spd",20.6000003814697,1,18.6000003814697
"2013-09-22","he","2009-01-18","afd",4.09999990463257,1,NA
"2013-09-22","he","2009-01-18","cdu",38.2999992370605,1,37.2000007629395
"2013-09-22","he","2009-01-18","fdp",5,1,16.2000007629395
"2013-09-22","he","2009-01-18","gru",11.1000003814697,1,13.6999998092651
"2013-09-22","he","2009-01-18","lin",5.19999980926514,1,5.40000009536743
"2013-09-22","he","2009-01-18","npd",1.10000002384186,1,0.899999976158142
"2013-09-22","he","2009-01-18","spd",30.7000007629395,1,23.7000007629395
"2014-08-31","sn","2009-08-30","afd",9.69999980926514,1,NA
"2014-08-31","sn","2009-08-30","cdu",39,1,40.2000007629395
"2014-08-31","sn","2009-08-30","fdp",3.79999995231628,1,10
"2014-08-31","sn","2009-08-30","gru",5.69999980926514,1,6.40000009536743
"2014-08-31","sn","2009-08-30","lin",18.8999996185303,1,20.6000003814697
"2014-08-31","sn","2009-08-30","npd",4.94999980926514,1,5.59999990463257
"2014-08-31","sn","2009-08-30","spd",12.3999996185303,1,10.3999996185303
"2014-09-14","bb","2009-09-27","afd",12.1999998092651,1,NA
"2014-09-14","bb","2009-09-27","cdu",23,1,19.7999992370605
"2014-09-14","bb","2009-09-27","fdp",1.5,1,7.19999980926514
"2014-09-14","bb","2009-09-27","gru",6.19999980926514,1,5.69999980926514
"2014-09-14","bb","2009-09-27","lin",18.6000003814697,1,27.2000007629395
"2014-09-14","bb","2009-09-27","npd",2.20000004768372,1,2.59999990463257
"2014-09-14","bb","2009-09-27","spd",31.8999996185303,1,33
"2014-09-14","th","2009-08-30","afd",10.6000003814697,1,NA
"2014-09-14","th","2009-08-30","cdu",33.5,1,31.2000007629395
"2014-09-14","th","2009-08-30","fdp",2.5,1,7.59999990463257
"2014-09-14","th","2009-08-30","gru",5.69999980926514,1,6.19999980926514
"2014-09-14","th","2009-08-30","lin",28.2000007629395,1,27.3999996185303
"2014-09-14","th","2009-08-30","npd",3.59999990463257,1,4.30000019073486
"2014-09-14","th","2009-08-30","spd",12.3999996185303,1,18.5
"2015-02-15","hh","2011-02-20","afd",6.09999990463257,1,NA
"2015-02-15","hh","2011-02-20","cdu",15.8999996185303,1,21.8999996185303
"2015-02-15","hh","2011-02-20","fdp",7.40000009536743,1,6.69999980926514
"2015-02-15","hh","2011-02-20","gru",12.3000001907349,1,11.1999998092651
"2015-02-15","hh","2011-02-20","lin",8.5,1,6.40000009536743
"2015-02-15","hh","2011-02-20","spd",45.5999984741211,1,48.4000015258789
"2015-05-10","hb","2011-05-22","afd",5.5,1,NA
"2015-05-10","hb","2011-05-22","cdu",22.3999996185303,1,20.3999996185303
"2015-05-10","hb","2011-05-22","fdp",6.59999990463257,1,2.40000009536743
"2015-05-10","hb","2011-05-22","gru",15.1000003814697,1,22.5
"2015-05-10","hb","2011-05-22","lin",9.5,1,5.59999990463257
"2015-05-10","hb","2011-05-22","npd",0.200000002980232,1,1.60000002384186
"2015-05-10","hb","2011-05-22","spd",32.7999992370605,1,38.5999984741211
"2016-03-13","bw","2011-03-27","afd",15.1000003814697,1,NA
"2016-03-13","bw","2011-03-27","cdu",27,1,39
"2016-03-13","bw","2011-03-27","fdp",8.30000019073486,1,5.30000019073486
"2016-03-13","bw","2011-03-27","gru",30.2999992370605,1,24.2000007629395
"2016-03-13","bw","2011-03-27","lin",2.90000009536743,1,2.79999995231628
"2016-03-13","bw","2011-03-27","npd",0.400000005960464,1,1
"2016-03-13","bw","2011-03-27","spd",12.6999998092651,1,23.1000003814697
"2016-03-13","rp","2011-03-27","afd",12.6000003814697,1,NA
"2016-03-13","rp","2011-03-27","cdu",31.7999992370605,1,35.2000007629395
"2016-03-13","rp","2011-03-27","fdp",6.19999980926514,1,4.19999980926514
"2016-03-13","rp","2011-03-27","gru",5.30000019073486,1,15.3999996185303
"2016-03-13","rp","2011-03-27","lin",2.79999995231628,1,3
"2016-03-13","rp","2011-03-27","spd",36.2000007629395,1,35.7000007629395
"2016-03-13","st","2011-03-20","afd",24.2999992370605,1,NA
"2016-03-13","st","2011-03-20","cdu",29.7999992370605,1,32.5
"2016-03-13","st","2011-03-20","fdp",4.90000009536743,1,3.79999995231628
"2016-03-13","st","2011-03-20","gru",5.19999980926514,1,7.09999990463257
"2016-03-13","st","2011-03-20","lin",16.2999992370605,1,23.7000007629395
"2016-03-13","st","2011-03-20","npd",1.89999997615814,1,4.59999990463257
"2016-03-13","st","2011-03-20","spd",10.6000003814697,1,21.5
"2016-09-04","mv","2011-09-04","afd",20.7999992370605,1,NA
"2016-09-04","mv","2011-09-04","cdu",19,1,23
"2016-09-04","mv","2011-09-04","fdp",3,1,2.79999995231628
"2016-09-04","mv","2011-09-04","gru",4.80000019073486,1,8.69999980926514
"2016-09-04","mv","2011-09-04","lin",13.1999998092651,1,18.3999996185303
"2016-09-04","mv","2011-09-04","npd",3,1,6
"2016-09-04","mv","2011-09-04","spd",30.6000003814697,1,35.5999984741211
"2016-09-18","be","2011-09-18","afd",14.1999998092651,1,NA
"2016-09-18","be","2011-09-18","cdu",17.6000003814697,1,23.3999996185303
"2016-09-18","be","2011-09-18","fdp",6.69999980926514,1,1.79999995231628
"2016-09-18","be","2011-09-18","gru",15.1999998092651,1,17.6000003814697
"2016-09-18","be","2011-09-18","lin",15.6000003814697,1,11.6999998092651
"2016-09-18","be","2011-09-18","spd",21.6000003814697,1,28.2999992370605
"2017-03-26","sl","2012-03-25","afd",6.2,1,NA
"2017-03-26","sl","2012-03-25","bsw",NA,0,NA
"2017-03-26","sl","2012-03-25","cdu",40.7,1,35.2000007629395
"2017-03-26","sl","2012-03-25","fdp",3.3,1,1.20000004768372
"2017-03-26","sl","2012-03-25","fw",NA,0,NA
"2017-03-26","sl","2012-03-25","gru",4,1,5
"2017-03-26","sl","2012-03-25","lin",12.8,1,16.1000003814697
"2017-03-26","sl","2012-03-25","npd",NA,0,1.20000004768372
"2017-03-26","sl","2012-03-25","pir",0.7,1,NA
"2017-03-26","sl","2012-03-25","spd",29.6,1,30.6000003814697
"2017-05-07","sh","2012-05-06","afd",5.9,1,NA
"2017-05-07","sh","2012-05-06","bsw",NA,0,NA
"2017-05-07","sh","2012-05-06","cdu",32,1,30.7999992370605
"2017-05-07","sh","2012-05-06","fdp",11.5,1,8.19999980926514
"2017-05-07","sh","2012-05-06","fw",NA,0,NA
"2017-05-07","sh","2012-05-06","gru",12.9,1,13.1999998092651
"2017-05-07","sh","2012-05-06","lin",3.8,1,2.29999995231628
"2017-05-07","sh","2012-05-06","npd",NA,0,NA
"2017-05-07","sh","2012-05-06","pir",1.2,1,NA
"2017-05-07","sh","2012-05-06","spd",27.3,1,30.3999996185303
"2017-05-14","nw","2012-05-13","afd",7.4,1,NA
"2017-05-14","nw","2012-05-13","bsw",NA,0,NA
"2017-05-14","nw","2012-05-13","cdu",33,1,26.2999992370605
"2017-05-14","nw","2012-05-13","fdp",12.6,1,8.60000038146973
"2017-05-14","nw","2012-05-13","fw",NA,0,NA
"2017-05-14","nw","2012-05-13","gru",6.4,1,11.3000001907349
"2017-05-14","nw","2012-05-13","lin",4.9,1,2.5
"2017-05-14","nw","2012-05-13","npd",NA,0,0.5
"2017-05-14","nw","2012-05-13","pir",1,1,NA
"2017-05-14","nw","2012-05-13","spd",31.2,1,39.0999984741211
"2017-10-15","ni","2013-01-20","afd",6.2,1,NA
"2017-10-15","ni","2013-01-20","bsw",NA,0,NA
"2017-10-15","ni","2013-01-20","cdu",33.6,1,36
"2017-10-15","ni","2013-01-20","fdp",7.5,1,9.89999961853027
"2017-10-15","ni","2013-01-20","fw",NA,0,NA
"2017-10-15","ni","2013-01-20","gru",8.7,1,13.6999998092651
"2017-10-15","ni","2013-01-20","lin",4.6,1,3.09999990463257
"2017-10-15","ni","2013-01-20","npd",NA,0,2.70000004768372
"2017-10-15","ni","2013-01-20","pir",NA,0,NA
"2017-10-15","ni","2013-01-20","spd",36.9,1,32.5999984741211
"2018-10-14","by","2013-09-15","afd",10.2,1,NA
"2018-10-14","by","2013-09-15","bsw",NA,0,NA
"2018-10-14","by","2013-09-15","cdu",37.2,1,47.7000007629395
"2018-10-14","by","2013-09-15","fdp",5.1,1,3.29999995231628
"2018-10-14","by","2013-09-15","fw",11.6,1,NA
"2018-10-14","by","2013-09-15","gru",17.6,1,8.60000038146973
"2018-10-14","by","2013-09-15","lin",3.2,1,2.09999990463257
"2018-10-14","by","2013-09-15","npd",NA,0,NA
"2018-10-14","by","2013-09-15","pir",NA,0,NA
"2018-10-14","by","2013-09-15","spd",9.7,1,20.6000003814697
"2018-10-28","he","2013-09-22","afd",13.1,1,4.09999990463257
"2018-10-28","he","2013-09-22","bsw",NA,0,NA
"2018-10-28","he","2013-09-22","cdu",27,1,38.2999992370605
"2018-10-28","he","2013-09-22","fdp",7.5,1,5
"2018-10-28","he","2013-09-22","fw",3,1,NA
"2018-10-28","he","2013-09-22","gru",19.8,1,11.1000003814697
"2018-10-28","he","2013-09-22","lin",6.3,1,5.19999980926514
"2018-10-28","he","2013-09-22","npd",NA,0,1.10000002384186
"2018-10-28","he","2013-09-22","pir",NA,0,NA
"2018-10-28","he","2013-09-22","spd",19.8,1,30.7000007629395
"2019-05-26","hb","2015-05-10","afd",6.1,1,5.5
"2019-05-26","hb","2015-05-10","bsw",NA,0,NA
"2019-05-26","hb","2015-05-10","cdu",26.7,1,22.3999996185303
"2019-05-26","hb","2015-05-10","fdp",5.9,1,6.59999990463257
"2019-05-26","hb","2015-05-10","fw",NA,0,NA
"2019-05-26","hb","2015-05-10","gru",17.4,1,15.1000003814697
"2019-05-26","hb","2015-05-10","lin",11.3,1,9.5
"2019-05-26","hb","2015-05-10","npd",NA,0,0.200000002980232
"2019-05-26","hb","2015-05-10","pir",NA,0,NA
"2019-05-26","hb","2015-05-10","spd",24.9,1,32.7999992370605
"2019-09-01","bb","2014-09-14","afd",23.5,1,12.1999998092651
"2019-09-01","bb","2014-09-14","bsw",NA,0,NA
"2019-09-01","bb","2014-09-14","cdu",15.6,1,23
"2019-09-01","bb","2014-09-14","fdp",4.1,1,1.5
"2019-09-01","bb","2014-09-14","fw",5,1,NA
"2019-09-01","bb","2014-09-14","gru",10.8,1,6.19999980926514
"2019-09-01","bb","2014-09-14","lin",10.7,1,18.6000003814697
"2019-09-01","bb","2014-09-14","npd",NA,0,2.20000004768372
"2019-09-01","bb","2014-09-14","pir",0.7,1,NA
"2019-09-01","bb","2014-09-14","spd",26.2,1,31.8999996185303
"2019-09-01","sn","2014-08-31","afd",27.5,1,9.69999980926514
"2019-09-01","sn","2014-08-31","bsw",NA,0,NA
"2019-09-01","sn","2014-08-31","cdu",32.1,1,39
"2019-09-01","sn","2014-08-31","fdp",4.5,1,3.79999995231628
"2019-09-01","sn","2014-08-31","fw",3.4,1,NA
"2019-09-01","sn","2014-08-31","gru",8.6,1,5.69999980926514
"2019-09-01","sn","2014-08-31","lin",10.4,1,18.8999996185303
"2019-09-01","sn","2014-08-31","npd",NA,0,4.94999980926514
"2019-09-01","sn","2014-08-31","pir",NA,0,NA
"2019-09-01","sn","2014-08-31","spd",7.7,1,12.3999996185303
"2019-10-27","th","2014-09-14","afd",23.4,1,10.6000003814697
"2019-10-27","th","2014-09-14","bsw",NA,0,NA
"2019-10-27","th","2014-09-14","cdu",21.7,1,33.5
"2019-10-27","th","2014-09-14","fdp",5,1,2.5
"2019-10-27","th","2014-09-14","fw",NA,0,NA
"2019-10-27","th","2014-09-14","gru",5.2,1,5.69999980926514
"2019-10-27","th","2014-09-14","lin",31,1,28.2000007629395
"2019-10-27","th","2014-09-14","npd",NA,0,3.59999990463257
"2019-10-27","th","2014-09-14","pir",NA,0,NA
"2019-10-27","th","2014-09-14","spd",8.2,1,12.3999996185303
"2020-02-23","hh","2015-02-15","afd",5.3,1,6.09999990463257
"2020-02-23","hh","2015-02-15","bsw",NA,0,NA
"2020-02-23","hh","2015-02-15","cdu",11.2,1,15.8999996185303
"2020-02-23","hh","2015-02-15","fdp",4.96,1,7.40000009536743
"2020-02-23","hh","2015-02-15","fw",NA,0,NA
"2020-02-23","hh","2015-02-15","gru",24.2,1,12.3000001907349
"2020-02-23","hh","2015-02-15","lin",9.1,1,8.5
"2020-02-23","hh","2015-02-15","npd",NA,0,NA
"2020-02-23","hh","2015-02-15","pir",0.5,1,NA
"2020-02-23","hh","2015-02-15","spd",39.2,1,45.5999984741211
"2021-03-14","bw","2016-03-13","afd",9.7,1,15.1000003814697
"2021-03-14","bw","2016-03-13","bsw",NA,0,NA
"2021-03-14","bw","2016-03-13","cdu",24.1,1,27
"2021-03-14","bw","2016-03-13","fdp",10.5,1,8.30000019073486
"2021-03-14","bw","2016-03-13","fw",NA,0,NA
"2021-03-14","bw","2016-03-13","gru",32.6,1,30.2999992370605
"2021-03-14","bw","2016-03-13","lin",3.6,1,2.90000009536743
"2021-03-14","bw","2016-03-13","npd",NA,0,0.400000005960464
"2021-03-14","bw","2016-03-13","pir",NA,0,NA
"2021-03-14","bw","2016-03-13","spd",11,1,12.6999998092651
"2021-03-14","rp","2016-03-13","afd",8.3,1,12.6000003814697
"2021-03-14","rp","2016-03-13","bsw",NA,0,NA
"2021-03-14","rp","2016-03-13","cdu",27.7,1,31.7999992370605
"2021-03-14","rp","2016-03-13","fdp",5.5,1,6.19999980926514
"2021-03-14","rp","2016-03-13","fw",5.4,1,NA
"2021-03-14","rp","2016-03-13","gru",9.3,1,5.30000019073486
"2021-03-14","rp","2016-03-13","lin",2.5,1,2.79999995231628
"2021-03-14","rp","2016-03-13","npd",NA,0,NA
"2021-03-14","rp","2016-03-13","pir",NA,0,NA
"2021-03-14","rp","2016-03-13","spd",35.7,1,36.2000007629395
"2021-06-06","st","2016-03-13","afd",20.8,1,24.2999992370605
"2021-06-06","st","2016-03-13","bsw",NA,0,NA
"2021-06-06","st","2016-03-13","cdu",37.1,1,29.7999992370605
"2021-06-06","st","2016-03-13","fdp",6.4,1,4.90000009536743
"2021-06-06","st","2016-03-13","fw",3.1,1,NA
"2021-06-06","st","2016-03-13","gru",5.9,1,5.19999980926514
"2021-06-06","st","2016-03-13","lin",11,1,16.2999992370605
"2021-06-06","st","2016-03-13","npd",NA,0,1.89999997615814
"2021-06-06","st","2016-03-13","pir",NA,0,NA
"2021-06-06","st","2016-03-13","spd",8.4,1,10.6000003814697
"2021-09-26","be","2016-09-18","afd",8,1,14.1999998092651
"2021-09-26","be","2016-09-18","bsw",NA,0,NA
"2021-09-26","be","2016-09-18","cdu",18,1,17.6000003814697
"2021-09-26","be","2016-09-18","fdp",7.1,1,6.69999980926514
"2021-09-26","be","2016-09-18","fw",NA,0,NA
"2021-09-26","be","2016-09-18","gru",18.9,1,15.1999998092651
"2021-09-26","be","2016-09-18","lin",14.1,1,15.6000003814697
"2021-09-26","be","2016-09-18","npd",NA,0,NA
"2021-09-26","be","2016-09-18","pir",0.4,1,NA
"2021-09-26","be","2016-09-18","spd",21.4,1,21.6000003814697
"2021-09-26","mv","2016-09-04","afd",16.7,1,20.7999992370605
"2021-09-26","mv","2016-09-04","bsw",NA,0,NA
"2021-09-26","mv","2016-09-04","cdu",13.3,1,19
"2021-09-26","mv","2016-09-04","fdp",5.8,1,3
"2021-09-26","mv","2016-09-04","fw",NA,0,NA
"2021-09-26","mv","2016-09-04","gru",6.3,1,4.80000019073486
"2021-09-26","mv","2016-09-04","lin",9.9,1,13.1999998092651
"2021-09-26","mv","2016-09-04","npd",0.8,1,3
"2021-09-26","mv","2016-09-04","pir",NA,0,NA
"2021-09-26","mv","2016-09-04","spd",39.6,1,30.6000003814697
"2022-03-27","sl","2017-03-26","afd",5.7,1,6.2
"2022-03-27","sl","2017-03-26","bsw",NA,0,NA
"2022-03-27","sl","2017-03-26","cdu",28.5,1,40.7
"2022-03-27","sl","2017-03-26","fdp",4.8,1,3.3
"2022-03-27","sl","2017-03-26","fw",NA,0,NA
"2022-03-27","sl","2017-03-26","gru",4.995,1,4
"2022-03-27","sl","2017-03-26","lin",2.6,1,12.8
"2022-03-27","sl","2017-03-26","npd",NA,0,NA
"2022-03-27","sl","2017-03-26","pir",NA,0,0.7
"2022-03-27","sl","2017-03-26","spd",43.5,1,29.6
"2022-05-08","sh","2017-05-07","afd",4.4,1,5.9
"2022-05-08","sh","2017-05-07","bsw",NA,0,NA
"2022-05-08","sh","2017-05-07","cdu",43.4,1,32
"2022-05-08","sh","2017-05-07","fdp",6.4,1,11.5
"2022-05-08","sh","2017-05-07","fw",NA,0,NA
"2022-05-08","sh","2017-05-07","gru",18.3,1,12.9
"2022-05-08","sh","2017-05-07","lin",1.7,1,3.8
"2022-05-08","sh","2017-05-07","npd",NA,0,NA
"2022-05-08","sh","2017-05-07","pir",0.3,1,1.2
"2022-05-08","sh","2017-05-07","spd",16,1,27.3
"2022-05-15","nw","2017-05-14","afd",5.4,1,7.4
"2022-05-15","nw","2017-05-14","bsw",NA,0,NA
"2022-05-15","nw","2017-05-14","cdu",35.7,1,33
"2022-05-15","nw","2017-05-14","fdp",5.9,1,12.6
"2022-05-15","nw","2017-05-14","fw",NA,0,NA
"2022-05-15","nw","2017-05-14","gru",18.2,1,6.4
"2022-05-15","nw","2017-05-14","lin",2.1,1,4.9
"2022-05-15","nw","2017-05-14","npd",NA,0,NA
"2022-05-15","nw","2017-05-14","pir",0.3,1,1
"2022-05-15","nw","2017-05-14","spd",26.7,1,31.2
"2022-10-09","ni","2017-10-15","afd",11,1,6.2
"2022-10-09","ni","2017-10-15","bsw",NA,0,NA
"2022-10-09","ni","2017-10-15","cdu",28.1,1,33.6
"2022-10-09","ni","2017-10-15","fdp",4.7,1,7.5
"2022-10-09","ni","2017-10-15","fw",NA,0,NA
"2022-10-09","ni","2017-10-15","gru",14.5,1,8.7
"2022-10-09","ni","2017-10-15","lin",2.7,1,4.6
"2022-10-09","ni","2017-10-15","npd",NA,0,NA
"2022-10-09","ni","2017-10-15","pir",NA,0,NA
"2022-10-09","ni","2017-10-15","spd",33.4,1,36.9
"2023-02-12","be","2021-09-26","afd",9.1,1,8
"2023-02-12","be","2021-09-26","bsw",NA,0,NA
"2023-02-12","be","2021-09-26","cdu",28.2,1,18
"2023-02-12","be","2021-09-26","fdp",4.6,1,7.1
"2023-02-12","be","2021-09-26","fw",NA,0,NA
"2023-02-12","be","2021-09-26","gru",18.4,1,18.9
"2023-02-12","be","2021-09-26","lin",12.2,1,14.1
"2023-02-12","be","2021-09-26","npd",NA,0,NA
"2023-02-12","be","2021-09-26","pir",0.3,1,0.4
"2023-02-12","be","2021-09-26","spd",18.4,1,21.4
"2023-10-08","by","2018-10-14","afd",14.6,1,10.2
"2023-10-08","by","2018-10-14","bsw",NA,0,NA
"2023-10-08","by","2018-10-14","cdu",37,1,37.2
"2023-10-08","by","2018-10-14","fdp",3,1,5.1
"2023-10-08","by","2018-10-14","fw",15.8,1,11.6
"2023-10-08","by","2018-10-14","gru",14.4,1,17.6
"2023-10-08","by","2018-10-14","lin",1.5,1,3.2
"2023-10-08","by","2018-10-14","npd",NA,0,NA
"2023-10-08","by","2018-10-14","pir",NA,0,NA
"2023-10-08","by","2018-10-14","spd",8.4,1,9.7
"2023-10-08","he","2018-10-28","afd",18.4,1,13.1
"2023-10-08","he","2018-10-28","bsw",NA,0,NA
"2023-10-08","he","2018-10-28","cdu",34.6,1,27
"2023-10-08","he","2018-10-28","fdp",5,1,7.5
"2023-10-08","he","2018-10-28","fw",3.5,1,3
"2023-10-08","he","2018-10-28","gru",14.8,1,19.8
"2023-10-08","he","2018-10-28","lin",3.1,1,6.3
"2023-10-08","he","2018-10-28","npd",NA,0,NA
"2023-10-08","he","2018-10-28","pir",NA,0,NA
"2023-10-08","he","2018-10-28","spd",15.1,1,19.8
"2024-09-01","sn","2019-09-01","afd",30.6,1,27.5
"2024-09-01","sn","2019-09-01","bsw",11.8,1,NA
"2024-09-01","sn","2019-09-01","cdu",31.9,1,32.1
"2024-09-01","sn","2019-09-01","fdp",0.9,1,4.5
"2024-09-01","sn","2019-09-01","fw",2.3,1,3.4
"2024-09-01","sn","2019-09-01","gru",5.1,1,8.6
"2024-09-01","sn","2019-09-01","lin",4.5,1,10.4
"2024-09-01","sn","2019-09-01","npd",NA,0,NA
"2024-09-01","sn","2019-09-01","pir",0.3,1,NA
"2024-09-01","sn","2019-09-01","spd",7.3,1,7.7
"2024-09-01","th","2019-10-27","afd",32.8,1,23.4
"2024-09-01","th","2019-10-27","bsw",15.8,1,NA
"2024-09-01","th","2019-10-27","cdu",23.6,1,21.7
"2024-09-01","th","2019-10-27","fdp",1.1,1,5
"2024-09-01","th","2019-10-27","fw",1.3,1,NA
"2024-09-01","th","2019-10-27","gru",3.2,1,5.2
"2024-09-01","th","2019-10-27","lin",13.1,1,31
"2024-09-01","th","2019-10-27","npd",NA,0,NA
"2024-09-01","th","2019-10-27","pir",0.3,1,NA
"2024-09-01","th","2019-10-27","spd",6.1,1,8.2
"2024-09-22","bb","2019-09-01","afd",29.2,1,23.5
"2024-09-22","bb","2019-09-01","bsw",13.5,1,NA
"2024-09-22","bb","2019-09-01","cdu",12.1,1,15.6
"2024-09-22","bb","2019-09-01","fdp",0.8,1,4.1
"2024-09-22","bb","2019-09-01","fw",2.6,1,5
"2024-09-22","bb","2019-09-01","gru",4.1,1,10.8
"2024-09-22","bb","2019-09-01","lin",3,1,10.7
"2024-09-22","bb","2019-09-01","npd",NA,0,NA
"2024-09-22","bb","2019-09-01","pir",NA,0,0.7
"2024-09-22","bb","2019-09-01","spd",30.9,1,26.2
"2025-03-02","hh","2020-02-23","afd",7.5,1,5.3
"2025-03-02","hh","2020-02-23","bsw",1.8,1,NA
"2025-03-02","hh","2020-02-23","cdu",19.8,1,11.2
"2025-03-02","hh","2020-02-23","fdp",2.3,1,4.96
"2025-03-02","hh","2020-02-23","fw",0.3,1,NA
"2025-03-02","hh","2020-02-23","gru",18.5,1,24.2
"2025-03-02","hh","2020-02-23","lin",11.2,1,9.1
"2025-03-02","hh","2020-02-23","npd",0,1,NA
"2025-03-02","hh","2020-02-23","pir",NA,0,0.5
"2025-03-02","hh","2020-02-23","spd",33.5,1,39.2
